STol,b,N3,equatorial,OBn,OBn,equatorial,OBn,270,-,-,-,-,-,-,1_OH,primary,100,-40 ℃,DCM,0.167M,01:01.5,NIS_TfOH,0,0,-40,0.167,1.5,DCM,Gly-data y1.csv
STol,b,OBn,equatorial,OBn,OBn,equatorial,OBn,2656,-,-,-,-,-,-,1_OH,primary,100,-40 ℃,DCM,0.167M,01:01.5,NIS_TfOH,0,0,-40,0.167,1.5,DCM,Gly-data y1.csv
STol,b,OBn,equatorial,OBn,OBn,axial,OBn,17000,-,-,-,-,-,-,1_OH,tertiary,80,-40 ℃,DCM,0.167M,01:01.5,NIS_TfOH,62,62,-40,0.167,1.5,DCM,Gly-data y1.csv
STol,b,OBn,equatorial,OBn,OBn,axial,CH3,72000,-,-,-,-,-,-,1_OH,primary,100,-40 ℃,DCM,0.167M,01:01.5,NIS_TfOH,83,83,-40,0.167,1.5,DCM,Gly-data y1.csv
STol,a,H,equatorial,OBn,OBn,equatorial,OBn,1000000,-,-,-,-,-,-,1_OH,primary,100,-40 ℃,DCM,0.167M,01:01.5,NIS_TfOH,40,40,-40,0.167,1.5,DCM,Gly-data y1.csv
STol,b,N3,equatorial,OBn,OBn,equatorial,OBn,270,-,-,-,-,-,-,1_OH,Secondary,1.36,-40 ℃,DCM,0.167M,01:01.5,NIS_TfOH,47,47,-40,0.167,1.5,DCM,Gly-data y1.csv
STol,b,OBn,equatorial,OBn,OBn,equatorial,OBn,2656,-,-,-,-,-,-,1_OH,Secondary,1.36,-40 ℃,DCM,0.167M,01:01.5,NIS_TfOH,66,66,-40,0.167,1.5,DCM,Gly-data y1.csv
STol,b,OBn,equatorial,OBn,OBn,axial,CH3,72000,-,-,-,-,-,-,1_OH,Secondary,1.36,-40 ℃,DCM,0.167M,01:01.5,NIS_TfOH,100,100,-40,0.167,1.5,DCM,Gly-data y1.csv
STol,a,H,equatorial,OBn,OBn,equatorial,OBn,1000000,-,-,-,-,-,-,1_OH,Secondary,1.36,-40 ℃,DCM,0.167M,01:01.5,NIS_TfOH,100,100,-40,0.167,1.5,DCM,Gly-data y1.csv
STol,b,N3,equatorial,OBn,OBn,equatorial,OBn,270,-,-,-,-,-,-,1_OH,primary,100,-20 ℃,DCM,0.167M,01:01.5,NIS_TfOH,0,0,-20,0.167,1.5,DCM,Gly-data y1.csv
STol,b,OBn,equatorial,OBn,OBn,equatorial,OBn,2656,-,-,-,-,-,-,1_OH,primary,100,-20 ℃,DCM,0.167M,01:01.5,NIS_TfOH,27,27,-20,0.167,1.5,DCM,Gly-data y1.csv
STol,b,OBn,equatorial,OBn,OBn,axial,OBn,17000,-,-,-,-,-,-,1_OH,tertiary,80,-20 ℃,DCM,0.167M,01:01.5,NIS_TfOH,40,40,-20,0.167,1.5,DCM,Gly-data y1.csv
STol,b,OBn,equatorial,OBn,OBn,axial,CH3,72000,-,-,-,-,-,-,1_OH,primary,100,-20 ℃,DCM,0.167M,01:01.5,NIS_TfOH,77,77,-20,0.167,1.5,DCM,Gly-data y1.csv
STol,a,H,equatorial,OBn,OBn,equatorial,OBn,1000000,-,-,-,-,-,-,1_OH,primary,100,-20 ℃,DCM,0.167M,01:01.5,NIS_TfOH,36,36,-20,0.167,1.5,DCM,Gly-data y1.csv
STol,b,N3,equatorial,OBn,OBn,equatorial,OBn,270,-,-,-,-,-,-,1_OH,Secondary,1.36,-20 ℃,DCM,0.167M,01:01.5,NIS_TfOH,47,47,-20,0.167,1.5,DCM,Gly-data y1.csv
STol,b,OBn,equatorial,OBn,OBn,equatorial,OBn,2656,-,-,-,-,-,-,1_OH,Secondary,1.36,-20 ℃,DCM,0.167M,01:01.5,NIS_TfOH,62,62,-20,0.167,1.5,DCM,Gly-data y1.csv
STol,b,OBn,equatorial,OBn,OBn,axial,CH3,72000,-,-,-,-,-,-,1_OH,Secondary,1.36,-20 ℃,DCM,0.167M,01:01.5,NIS_TfOH,100,100,-20,0.167,1.5,DCM,Gly-data y1.csv
STol,a,H,equatorial,OBn,OBn,equatorial,OBn,1000000,-,-,-,-,-,-,1_OH,Secondary,1.36,-20 ℃,DCM,0.167M,01:01.5,NIS_TfOH,100,100,-20,0.167,1.5,DCM,Gly-data y1.csv
STol,b,N3,equatorial,OBn,OBn,equatorial,OBn,270,-,-,-,-,-,-,1_OH,primary,100,0 ℃,DCM,0.167M,01:01.5,NIS_TfOH,0,0,0,0.167,1.5,DCM,Gly-data y1.csv
STol,b,OBn,equatorial,OBn,OBn,equatorial,OBn,2656,-,-,-,-,-,-,1_OH,primary,100,0 ℃,DCM,0.167M,01:01.5,NIS_TfOH,40,40,0,0.167,1.5,DCM,Gly-data y1.csv
STol,b,OBn,equatorial,OBn,OBn,axial,OBn,17000,-,-,-,-,-,-,1_OH,tertiary,80,0 ℃,DCM,0.167M,01:01.5,NIS_TfOH,50,50,0,0.167,1.5,DCM,Gly-data y1.csv
STol,b,OBn,equatorial,OBn,OBn,axial,CH3,72000,-,-,-,-,-,-,1_OH,primary,100,0 ℃,DCM,0.167M,01:01.5,NIS_TfOH,50,50,0,0.167,1.5,DCM,Gly-data y1.csv
STol,a,H,equatorial,OBn,OBn,equatorial,OBn,1000000,-,-,-,-,-,-,1_OH,primary,100,0 ℃,DCM,0.167M,01:01.5,NIS_TfOH,38,38,0,0.167,1.5,DCM,Gly-data y1.csv
STol,b,N3,equatorial,OBn,OBn,equatorial,OBn,270,-,-,-,-,-,-,1_OH,Secondary,1.36,0 ℃,DCM,0.167M,01:01.5,NIS_TfOH,43,43,0,0.167,1.5,DCM,Gly-data y1.csv
STol,b,OBn,equatorial,OBn,OBn,equatorial,OBn,2656,-,-,-,-,-,-,1_OH,Secondary,1.36,0 ℃,DCM,0.167M,01:01.5,NIS_TfOH,0,0,0,0.167,1.5,DCM,Gly-data y1.csv
STol,b,OBn,equatorial,OBn,OBn,axial,CH3,72000,-,-,-,-,-,-,1_OH,Secondary,1.36,0 ℃,DCM,0.167M,01:01.5,NIS_TfOH,100,100,0,0.167,1.5,DCM,Gly-data y1.csv
STol,a,H,equatorial,OBn,OBn,equatorial,OBn,1000000,-,-,-,-,-,-,1_OH,Secondary,1.36,0 ℃,DCM,0.167M,01:01.5,NIS_TfOH,100,100,0,0.167,1.5,DCM,Gly-data y1.csv
STol,b,N3,equatorial,OBn,OBn,equatorial,OBn,270,-,-,-,-,-,-,1_OH,primary,100,25 ℃,DCM,0.167M,01:01.5,NIS_TfOH,0,0,25,0.167,1.5,DCM,Gly-data y1.csv
STol,b,OBn,equatorial,OBn,OBn,equatorial,OBn,2656,-,-,-,-,-,-,1_OH,primary,100,25 ℃,DCM,0.167M,01:01.5,NIS_TfOH,32,32,25,0.167,1.5,DCM,Gly-data y1.csv
STol,b,OBn,equatorial,OBn,OBn,axial,OBn,17000,-,-,-,-,-,-,1_OH,tertiary,80,25 ℃,DCM,0.167M,01:01.5,NIS_TfOH,35,35,25,0.167,1.5,DCM,Gly-data y1.csv
STol,b,OBn,equatorial,OBn,OBn,axial,CH3,72000,-,-,-,-,-,-,1_OH,primary,100,25 ℃,DCM,0.167M,01:01.5,NIS_TfOH,100,100,25,0.167,1.5,DCM,Gly-data y1.csv
STol,a,H,equatorial,OBn,OBn,equatorial,OBn,1000000,-,-,-,-,-,-,1_OH,primary,100,25 ℃,DCM,0.167M,01:01.5,NIS_TfOH,31,31,25,0.167,1.5,DCM,Gly-data y1.csv
STol,b,N3,equatorial,OBn,OBn,equatorial,OBn,270,-,-,-,-,-,-,1_OH,Secondary,1.36,25 ℃,DCM,0.167M,01:01.5,NIS_TfOH,0,0,25,0.167,1.5,DCM,Gly-data y1.csv
STol,b,OBn,equatorial,OBn,OBn,equatorial,OBn,2656,-,-,-,-,-,-,1_OH,Secondary,1.36,25 ℃,DCM,0.167M,01:01.5,NIS_TfOH,0,0,25,0.167,1.5,DCM,Gly-data y1.csv
STol,b,OBn,equatorial,OBn,OBn,axial,CH3,72000,-,-,-,-,-,-,1_OH,Secondary,1.36,25 ℃,DCM,0.167M,01:01.5,NIS_TfOH,100,100,25,0.167,1.5,DCM,Gly-data y1.csv
STol,a,H,equatorial,OBn,OBn,equatorial,OBn,1000000,-,-,-,-,-,-,1_OH,Secondary,1.36,25 ℃,DCM,0.167M,01:01.5,NIS_TfOH,100,100,25,0.167,1.5,DCM,Gly-data y1.csv
STol,b,N3,equatorial,OBn,OBn,equatorial,OBn,270,-,-,-,-,-,-,1_OH,primary,100,-40 ℃,THF,0.167M,01:01.5,NIS_TfOH,0,0,-40,0.167,1.5,THF,Gly-data y1.csv
STol,b,OBn,equatorial,OBn,OBn,equatorial,OBn,2656,-,-,-,-,-,-,1_OH,primary,100,-40 ℃,THF,0.167M,01:01.5,NIS_TfOH,23,23,-40,0.167,1.5,THF,Gly-data y1.csv
STol,b,OBn,equatorial,OBn,OBn,axial,OBn,17000,-,-,-,-,-,-,1_OH,tertiary,80,-40 ℃,THF,0.167M,01:01.5,NIS_TfOH,45,45,-40,0.167,1.5,THF,Gly-data y1.csv
STol,b,OBn,equatorial,OBn,OBn,axial,CH3,72000,-,-,-,-,-,-,1_OH,primary,100,-40 ℃,THF,0.167M,01:01.5,NIS_TfOH,45,45,-40,0.167,1.5,THF,Gly-data y1.csv
STol,a,H,equatorial,OBn,OBn,equatorial,OBn,1000000,-,-,-,-,-,-,1_OH,primary,100,-40 ℃,THF,0.167M,01:01.5,NIS_TfOH,47,47,-40,0.167,1.5,THF,Gly-data y1.csv
STol,b,N3,equatorial,OBn,OBn,equatorial,OBn,270,-,-,-,-,-,-,1_OH,Secondary,1.36,-40 ℃,THF,0.167M,01:01.5,NIS_TfOH,78,78,-40,0.167,1.5,THF,Gly-data y1.csv
STol,b,OBn,equatorial,OBn,OBn,axial,CH3,72000,-,-,-,-,-,-,1_OH,Secondary,1.36,-40 ℃,THF,0.167M,01:01.5,NIS_TfOH,100,100,-40,0.167,1.5,THF,Gly-data y1.csv
STol,a,H,equatorial,OBn,OBn,equatorial,OBn,1000000,-,-,-,-,-,-,1_OH,Secondary,1.36,-40 ℃,THF,0.167M,01:01.5,NIS_TfOH,100,100,-40,0.167,1.5,THF,Gly-data y1.csv
STol,b,N3,equatorial,OBn,OBn,equatorial,OBn,270,-,-,-,-,-,-,1_OH,primary,100,-40 ℃,Toluene,0.167M,01:01.5,NIS_TfOH,0,0,-40,0.167,1.5,Toluene,Gly-data y1.csv
STol,b,OBn,equatorial,OBn,OBn,equatorial,OBn,2656,-,-,-,-,-,-,1_OH,primary,100,-40 ℃,Toluene,0.167M,01:01.5,NIS_TfOH,47,47,-40,0.167,1.5,Toluene,Gly-data y1.csv
STol,b,OBn,equatorial,OBn,OBn,axial,OBn,17000,-,-,-,-,-,-,1_OH,tertiary,80,-40 ℃,Toluene,0.167M,01:01.5,NIS_TfOH,38,38,-40,0.167,1.5,Toluene,Gly-data y1.csv
STol,b,OBn,equatorial,OBn,OBn,axial,CH3,72000,-,-,-,-,-,-,1_OH,primary,100,-40 ℃,Toluene,0.167M,01:01.5,NIS_TfOH,20,20,-40,0.167,1.5,Toluene,Gly-data y1.csv
STol,a,H,equatorial,OBn,OBn,equatorial,OBn,1000000,-,-,-,-,-,-,1_OH,primary,100,-40 ℃,Toluene,0.167M,01:01.5,NIS_TfOH,41,41,-40,0.167,1.5,Toluene,Gly-data y1.csv
STol,b,N3,equatorial,OBn,OBn,equatorial,OBn,270,-,-,-,-,-,-,1_OH,Secondary,1.36,-40 ℃,Toluene,0.167M,01:01.5,NIS_TfOH,85,85,-40,0.167,1.5,Toluene,Gly-data y1.csv
STol,b,OBn,equatorial,OBn,OBn,equatorial,OBn,2656,-,-,-,-,-,-,1_OH,Secondary,1.36,-40 ℃,Toluene,0.167M,01:01.5,NIS_TfOH,70,70,-40,0.167,1.5,Toluene,Gly-data y1.csv
STol,b,OBn,equatorial,OBn,OBn,axial,CH3,72000,-,-,-,-,-,-,1_OH,Secondary,1.36,-40 ℃,Toluene,0.167M,01:01.5,NIS_TfOH,100,100,-40,0.167,1.5,Toluene,Gly-data y1.csv
STol,a,H,equatorial,OBn,OBn,equatorial,OBn,1000000,-,-,-,-,-,-,1_OH,Secondary,1.36,-40 ℃,Toluene,0.167M,01:01.5,NIS_TfOH,100,100,-40,0.167,1.5,Toluene,Gly-data y1.csv
STol,b,N3,equatorial,OBn,OBn,equatorial,OBn,270,-,-,-,-,-,-,1_OH,primary,100,-40 ℃,DCM/ACN,0.167M,01:01.5,NIS_TfOH,0,0,-40,0.167,1.5,DCM/ACN,Gly-data y1.csv
STol,b,OBn,equatorial,OBn,OBn,equatorial,OBn,2656,-,-,-,-,-,-,1_OH,primary,100,-40 ℃,DCM/ACN,0.167M,01:01.5,NIS_TfOH,18,18,-40,0.167,1.5,DCM/ACN,Gly-data y1.csv
STol,b,OBn,equatorial,OBn,OBn,axial,OBn,17000,-,-,-,-,-,-,1_OH,tertiary,80,-40 ℃,DCM/ACN,0.167M,01:01.5,NIS_TfOH,40,40,-40,0.167,1.5,DCM/ACN,Gly-data y1.csv
STol,b,OBn,equatorial,OBn,OBn,axial,CH3,72000,-,-,-,-,-,-,1_OH,primary,100,-40 ℃,DCM/ACN,0.167M,01:01.5,NIS_TfOH,26,26,-40,0.167,1.5,DCM/ACN,Gly-data y1.csv
STol,a,H,equatorial,OBn,OBn,equatorial,OBn,1000000,-,-,-,-,-,-,1_OH,primary,100,-40 ℃,DCM/ACN,0.167M,01:01.5,NIS_TfOH,40,40,-40,0.167,1.5,DCM/ACN,Gly-data y1.csv
STol,b,N3,equatorial,OBn,OBn,equatorial,OBn,270,-,-,-,-,-,-,1_OH,Secondary,1.36,-40 ℃,DCM/ACN,0.167M,01:01.5,NIS_TfOH,62,62,-40,0.167,1.5,DCM/ACN,Gly-data y1.csv
STol,b,OBn,equatorial,OBn,OBn,equatorial,OBn,2656,-,-,-,-,-,-,1_OH,Secondary,1.36,-40 ℃,DCM/ACN,0.167M,01:01.5,NIS_TfOH,69,69,-40,0.167,1.5,DCM/ACN,Gly-data y1.csv
STol,b,OBn,equatorial,OBn,OBn,axial,CH3,72000,-,-,-,-,-,-,1_OH,Secondary,1.36,-40 ℃,DCM/ACN,0.167M,01:01.5,NIS_TfOH,100,100,-40,0.167,1.5,DCM/ACN,Gly-data y1.csv
STol,a,H,equatorial,OBn,OBn,equatorial,OBn,1000000,-,-,-,-,-,-,1_OH,Secondary,1.36,-40 ℃,DCM/ACN,0.167M,01:01.5,NIS_TfOH,100,100,-40,0.167,1.5,DCM/ACN,Gly-data y1.csv
STol,b,OBn,equatorial,OBn,OBn,axial,CH3,72000,-,-,-,-,-,-,1_OH,primary,100,-40 ℃,DCM/DMF,0.167M,01:01.5,NIS_TfOH,76,76,-40,0.167,1.5,DCM/DMF,Gly-data y1.csv
STol,a,H,equatorial,OBn,OBn,equatorial,OBn,1000000,-,-,-,-,-,-,1_OH,primary,100,-40 ℃,DCM/DMF,0.167M,01:01.5,NIS_TfOH,73,73,-40,0.167,1.5,DCM/DMF,Gly-data y1.csv
STol,b,OBn,equatorial,OBn,OBn,equatorial,OBn,2656,-,-,-,-,-,-,1_OH,primary,100,-40 ℃,DCM/p-Dioxane,0.167M,01:01.5,NIS_TfOH,33,33,-40,0.167,1.5,DCM/p-Dioxane,Gly-data y1.csv
STol,b,OBn,equatorial,OBn,OBn,axial,OBn,17000,-,-,-,-,-,-,1_OH,tertiary,80,-40 ℃,DCM/p-Dioxane,0.167M,01:01.5,NIS_TfOH,45,45,-40,0.167,1.5,DCM/p-Dioxane,Gly-data y1.csv
STol,b,OBn,equatorial,OBn,OBn,axial,CH3,72000,-,-,-,-,-,-,1_OH,primary,100,-40 ℃,DCM/p-Dioxane,0.167M,01:01.5,NIS_TfOH,38,38,-40,0.167,1.5,DCM/p-Dioxane,Gly-data y1.csv
STol,a,H,equatorial,OBn,OBn,equatorial,OBn,1000000,-,-,-,-,-,-,1_OH,primary,100,-40 ℃,DCM/p-Dioxane,0.167M,01:01.5,NIS_TfOH,45,45,-40,0.167,1.5,DCM/p-Dioxane,Gly-data y1.csv
STol,b,N3,equatorial,OBn,OBn,equatorial,OBn,270,-,-,-,-,-,-,1_OH,Secondary,1.36,-40 ℃,DCM/p-Dioxane,0.167M,01:01.5,NIS_TfOH,78,78,-40,0.167,1.5,DCM/p-Dioxane,Gly-data y1.csv
STol,b,OBn,equatorial,OBn,OBn,equatorial,OBn,2656,-,-,-,-,-,-,1_OH,Secondary,1.36,-40 ℃,DCM/p-Dioxane,0.167M,01:01.5,NIS_TfOH,47,47,-40,0.167,1.5,DCM/p-Dioxane,Gly-data y1.csv
STol,b,OBn,equatorial,OBn,OBn,axial,CH3,72000,-,-,-,-,-,-,1_OH,Secondary,1.36,-40 ℃,DCM/p-Dioxane,0.167M,01:01.5,NIS_TfOH,100,100,-40,0.167,1.5,DCM/p-Dioxane,Gly-data y1.csv
STol,b,N3,equatorial,OBn,OBn,equatorial,OBn,270,-,-,-,-,-,-,1_OH,primary,100,-40 ℃,DCM,0.308M,01:01.5,NIS_TfOH,0,0,-40,0.308,1.5,DCM,Gly-data y1.csv
STol,b,OBn,equatorial,OBn,OBn,equatorial,OBn,2656,-,-,-,-,-,-,1_OH,primary,100,-40 ℃,DCM,0.308M,01:01.5,NIS_TfOH,11,11,-40,0.308,1.5,DCM,Gly-data y1.csv
STol,b,OBn,equatorial,OBn,OBn,axial,OBn,17000,-,-,-,-,-,-,1_OH,tertiary,80,-40 ℃,DCM,0.308M,01:01.5,NIS_TfOH,24,24,-40,0.308,1.5,DCM,Gly-data y1.csv
STol,b,OBn,equatorial,OBn,OBn,axial,CH3,72000,-,-,-,-,-,-,1_OH,primary,100,-40 ℃,DCM,0.308M,01:01.5,NIS_TfOH,0,0,-40,0.308,1.5,DCM,Gly-data y1.csv
STol,b,N3,equatorial,OBn,OBn,equatorial,OBn,270,-,-,-,-,-,-,1_OH,Secondary,1.36,-40 ℃,DCM,0.308M,01:01.5,NIS_TfOH,59,59,-40,0.308,1.5,DCM,Gly-data y1.csv
STol,b,OBn,equatorial,OBn,OBn,equatorial,OBn,2656,-,-,-,-,-,-,1_OH,Secondary,1.36,-40 ℃,DCM,0.308M,01:01.5,NIS_TfOH,71,71,-40,0.308,1.5,DCM,Gly-data y1.csv
STol,b,OBn,equatorial,OBn,OBn,axial,CH3,72000,-,-,-,-,-,-,1_OH,Secondary,1.36,-40 ℃,DCM,0.308M,01:01.5,NIS_TfOH,100,100,-40,0.308,1.5,DCM,Gly-data y1.csv
STol,a,H,equatorial,OBn,OBn,equatorial,OBn,1000000,-,-,-,-,-,-,1_OH,Secondary,1.36,-40 ℃,DCM,0.308M,01:01.5,NIS_TfOH,100,100,-40,0.308,1.5,DCM,Gly-data y1.csv
STol,b,N3,equatorial,OBn,OBn,equatorial,OBn,270,-,-,-,-,-,-,1_OH,primary,100,-40 ℃,DCM,0.051M,01:01.5,NIS_TfOH,0,0,-40,0.051,1.5,DCM,Gly-data y1.csv
STol,b,OBn,equatorial,OBn,OBn,equatorial,OBn,2656,-,-,-,-,-,-,1_OH,primary,100,-40 ℃,DCM,0.051M,01:01.5,NIS_TfOH,27,27,-40,0.051,1.5,DCM,Gly-data y1.csv
STol,b,OBn,equatorial,OBn,OBn,axial,OBn,17000,-,-,-,-,-,-,1_OH,tertiary,80,-40 ℃,DCM,0.051M,01:01.5,NIS_TfOH,27,27,-40,0.051,1.5,DCM,Gly-data y1.csv
STol,b,OBn,equatorial,OBn,OBn,axial,CH3,72000,-,-,-,-,-,-,1_OH,primary,100,-40 ℃,DCM,0.051M,01:01.5,NIS_TfOH,66,66,-40,0.051,1.5,DCM,Gly-data y1.csv
STol,a,H,equatorial,OBn,OBn,equatorial,OBn,1000000,-,-,-,-,-,-,1_OH,primary,100,-40 ℃,DCM,0.051M,01:01.5,NIS_TfOH,18,18,-40,0.051,1.5,DCM,Gly-data y1.csv
STol,b,N3,equatorial,OBn,OBn,equatorial,OBn,270,-,-,-,-,-,-,1_OH,Secondary,1.36,-40 ℃,DCM,0.051M,01:01.5,NIS_TfOH,55,55,-40,0.051,1.5,DCM,Gly-data y1.csv
STol,b,OBn,equatorial,OBn,OBn,equatorial,OBn,2656,-,-,-,-,-,-,1_OH,Secondary,1.36,-40 ℃,DCM,0.051M,01:01.5,NIS_TfOH,71,71,-40,0.051,1.5,DCM,Gly-data y1.csv
STol,b,OBn,equatorial,OBn,OBn,axial,CH3,72000,-,-,-,-,-,-,1_OH,Secondary,1.36,-40 ℃,DCM,0.051M,01:01.5,NIS_TfOH,100,100,-40,0.051,1.5,DCM,Gly-data y1.csv
STol,a,H,equatorial,OBn,OBn,equatorial,OBn,1000000,-,-,-,-,-,-,1_OH,Secondary,1.36,-40 ℃,DCM,0.051M,01:01.5,NIS_TfOH,100,100,-40,0.051,1.5,DCM,Gly-data y1.csv
STol,b,N3,equatorial,OBn,OBn,equatorial,OBn,270,-,-,-,-,-,-,1_OH,primary,100,-40 ℃,DCM,0.036M,01:01.5,NIS_TfOH,0,0,-40,0.036,1.5,DCM,Gly-data y1.csv
STol,b,OBn,equatorial,OBn,OBn,equatorial,OBn,2656,-,-,-,-,-,-,1_OH,primary,100,-40 ℃,DCM,0.036M,01:01.5,NIS_TfOH,13,13,-40,0.036,1.5,DCM,Gly-data y1.csv
STol,b,OBn,equatorial,OBn,OBn,axial,OBn,17000,-,-,-,-,-,-,1_OH,tertiary,80,-40 ℃,DCM,0.036M,01:01.5,NIS_TfOH,40,40,-40,0.036,1.5,DCM,Gly-data y1.csv
STol,b,OBn,equatorial,OBn,OBn,axial,CH3,72000,-,-,-,-,-,-,1_OH,primary,100,-40 ℃,DCM,0.036M,01:01.5,NIS_TfOH,83,83,-40,0.036,1.5,DCM,Gly-data y1.csv
STol,a,H,equatorial,OBn,OBn,equatorial,OBn,1000000,-,-,-,-,-,-,1_OH,primary,100,-40 ℃,DCM,0.036M,01:01.5,NIS_TfOH,20,20,-40,0.036,1.5,DCM,Gly-data y1.csv
STol,b,N3,equatorial,OBn,OBn,equatorial,OBn,270,-,-,-,-,-,-,1_OH,Secondary,1.36,-40 ℃,DCM,0.036M,01:01.5,NIS_TfOH,55,55,-40,0.036,1.5,DCM,Gly-data y1.csv
STol,b,OBn,equatorial,OBn,OBn,equatorial,OBn,2656,-,-,-,-,-,-,1_OH,Secondary,1.36,-40 ℃,DCM,0.036M,01:01.5,NIS_TfOH,71,71,-40,0.036,1.5,DCM,Gly-data y1.csv
STol,b,OBn,equatorial,OBn,OBn,axial,CH3,72000,-,-,-,-,-,-,1_OH,Secondary,1.36,-40 ℃,DCM,0.036M,01:01.5,NIS_TfOH,100,100,-40,0.036,1.5,DCM,Gly-data y1.csv
STol,a,H,equatorial,OBn,OBn,equatorial,OBn,1000000,-,-,-,-,-,-,1_OH,Secondary,1.36,-40 ℃,DCM,0.036M,01:01.5,NIS_TfOH,100,100,-40,0.036,1.5,DCM,Gly-data y1.csv
STol,b,N3,equatorial,OBn,OBn,equatorial,OBn,270,-,-,-,-,-,-,1_OH,primary,100,-40 ℃,DCM,0.018M,01:01.5,NIS_TfOH,0,0,-40,0.018,1.5,DCM,Gly-data y1.csv
STol,b,OBn,equatorial,OBn,OBn,equatorial,OBn,2656,-,-,-,-,-,-,1_OH,primary,100,-40 ℃,DCM,0.018M,01:01.5,NIS_TfOH,12,12,-40,0.018,1.5,DCM,Gly-data y1.csv
STol,b,OBn,equatorial,OBn,OBn,axial,OBn,17000,-,-,-,-,-,-,1_OH,tertiary,80,-40 ℃,DCM,0.018M,01:01.5,NIS_TfOH,27,27,-40,0.018,1.5,DCM,Gly-data y1.csv
STol,b,OBn,equatorial,OBn,OBn,axial,CH3,72000,-,-,-,-,-,-,1_OH,primary,100,-40 ℃,DCM,0.018M,01:01.5,NIS_TfOH,91,91,-40,0.018,1.5,DCM,Gly-data y1.csv
STol,a,H,equatorial,OBn,OBn,equatorial,OBn,1000000,-,-,-,-,-,-,1_OH,primary,100,-40 ℃,DCM,0.018M,01:01.5,NIS_TfOH,19,19,-40,0.018,1.5,DCM,Gly-data y1.csv
STol,b,N3,equatorial,OBn,OBn,equatorial,OBn,270,-,-,-,-,-,-,1_OH,Secondary,1.36,-40 ℃,DCM,0.018M,01:01.5,NIS_TfOH,52,52,-40,0.018,1.5,DCM,Gly-data y1.csv
STol,b,OBn,equatorial,OBn,OBn,equatorial,OBn,2656,-,-,-,-,-,-,1_OH,Secondary,1.36,-40 ℃,DCM,0.018M,01:01.5,NIS_TfOH,62,62,-40,0.018,1.5,DCM,Gly-data y1.csv
STol,b,OBn,equatorial,OBn,OBn,axial,CH3,72000,-,-,-,-,-,-,1_OH,Secondary,1.36,-40 ℃,DCM,0.018M,01:01.5,NIS_TfOH,100,100,-40,0.018,1.5,DCM,Gly-data y1.csv
STol,a,H,equatorial,OBn,OBn,equatorial,OBn,1000000,-,-,-,-,-,-,1_OH,Secondary,1.36,-40 ℃,DCM,0.018M,01:01.5,NIS_TfOH,100,100,-40,0.018,1.5,DCM,Gly-data y1.csv
STol,b,N3,equatorial,OBn,OBn,equatorial,OBn,270,-,-,-,-,-,-,1_OH,primary,100,-40 ℃,DCM,0.167M,01:00.7,NIS_TfOH,0,0,-40,0.167,0.66,DCM,Gly-data y1.csv
STol,b,OBn,equatorial,OBn,OBn,equatorial,OBn,2656,-,-,-,-,-,-,1_OH,primary,100,-40 ℃,DCM,0.167M,01:00.7,NIS_TfOH,0,0,-40,0.167,0.66,DCM,Gly-data y1.csv
STol,b,OBn,equatorial,OBn,OBn,axial,CH3,72000,-,-,-,-,-,-,1_OH,primary,100,-40 ℃,DCM,0.167M,01:00.7,NIS_TfOH,21,21,-40,0.167,0.66,DCM,Gly-data y1.csv
STol,a,H,equatorial,OBn,OBn,equatorial,OBn,1000000,-,-,-,-,-,-,1_OH,primary,100,-40 ℃,DCM,0.167M,01:00.7,NIS_TfOH,30,30,-40,0.167,0.66,DCM,Gly-data y1.csv
STol,b,N3,equatorial,OBn,OBn,equatorial,OBn,270,-,-,-,-,-,-,1_OH,Secondary,1.36,-40 ℃,DCM,0.167M,01:00.7,NIS_TfOH,100,100,-40,0.167,0.66,DCM,Gly-data y1.csv
STol,b,OBn,equatorial,OBn,OBn,equatorial,OBn,2656,-,-,-,-,-,-,1_OH,Secondary,1.36,-40 ℃,DCM,0.167M,01:00.7,NIS_TfOH,77,77,-40,0.167,0.66,DCM,Gly-data y1.csv
STol,b,OBn,equatorial,OBn,OBn,axial,CH3,72000,-,-,-,-,-,-,1_OH,Secondary,1.36,-40 ℃,DCM,0.167M,01:00.7,NIS_TfOH,100,100,-40,0.167,0.66,DCM,Gly-data y1.csv
STol,a,H,equatorial,OBn,OBn,equatorial,OBn,1000000,-,-,-,-,-,-,1_OH,Secondary,1.36,-40 ℃,DCM,0.167M,01:00.7,NIS_TfOH,100,100,-40,0.167,0.66,DCM,Gly-data y1.csv
STol,b,N3,equatorial,OBn,OBn,equatorial,OBn,270,OMe,a,OBn,OBn,OH,OBn,4_OH,secondary,3.51,-40 ℃,DCM,0.167M,01:00.7,NIS_TfOH,33,33,-40,0.167,0.66,DCM,Gly-data y1.csv
STol,b,OBn,equatorial,OBn,OBn,equatorial,OBn,2656,OMe,a,OBn,OBn,OH,OBn,4_OH,secondary,3.51,-40 ℃,DCM,0.167M,01:00.7,NIS_TfOH,33,33,-40,0.167,0.66,DCM,Gly-data y1.csv
STol,b,OBn,equatorial,OBn,OBn,axial,CH3,72000,OMe,a,OBn,OBn,OH,OBn,4_OH,secondary,3.51,-40 ℃,DCM,0.167M,01:00.7,NIS_TfOH,91,91,-40,0.167,0.66,DCM,Gly-data y1.csv
STol,a,H,equatorial,OBn,OBn,equatorial,OBn,1000000,OMe,a,OBn,OBn,OH,OBn,4_OH,secondary,3.51,-40 ℃,DCM,0.167M,01:00.7,NIS_TfOH,92,92,-40,0.167,0.66,DCM,Gly-data y1.csv
STol,b,N3,equatorial,OBn,OBn,equatorial,OBn,270,OMe,a,OBn,OBn,OBn,OH,6_OH,primary,7.16,-40 ℃,DCM,0.167M,01:00.7,NIS_TfOH,35,35,-40,0.167,0.66,DCM,Gly-data y1.csv
STol,b,OBn,equatorial,OBn,OBn,equatorial,OBn,2656,OMe,a,OBn,OBn,OBn,OH,6_OH,primary,7.16,-40 ℃,DCM,0.167M,01:00.7,NIS_TfOH,33,33,-40,0.167,0.66,DCM,Gly-data y1.csv
STol,b,OBn,equatorial,OBn,OBn,axial,CH3,72000,OMe,a,OBn,OBn,OBn,OH,6_OH,primary,7.16,-40 ℃,DCM,0.167M,01:00.7,NIS_TfOH,78,78,-40,0.167,0.66,DCM,Gly-data y1.csv
STol,a,H,equatorial,OBn,OBn,equatorial,OBn,1000000,OMe,a,OBn,OBn,OBn,OH,6_OH,primary,7.16,-40 ℃,DCM,0.167M,01:00.7,NIS_TfOH,83,83,-40,0.167,0.66,DCM,Gly-data y1.csv
STol,b,N3,equatorial,OBn,OBn,equatorial,OBn,270,OMe,a,OBn,OBn,OH,OBn,4_OH,secondary,1,-40 ℃,DCM,0.167M,01:00.7,NIS_TfOH,34,34,-40,0.167,0.66,DCM,Gly-data y1.csv
STol,b,OBn,equatorial,OBn,OBn,equatorial,OBn,2656,OMe,a,OBn,OBn,OH,OBn,4_OH,secondary,1,-40 ℃,DCM,0.167M,01:00.7,NIS_TfOH,75,75,-40,0.167,0.66,DCM,Gly-data y1.csv
STol,b,OBn,equatorial,OBn,OBn,axial,CH3,72000,OMe,a,OBn,OBn,OH,OBn,4_OH,secondary,1,-40 ℃,DCM,0.167M,01:00.7,NIS_TfOH,77,77,-40,0.167,0.66,DCM,Gly-data y1.csv
STol,a,H,equatorial,OBn,OBn,equatorial,OBn,1000000,OMe,a,OBn,OBn,OH,OBn,4_OH,secondary,1,-40 ℃,DCM,0.167M,01:00.7,NIS_TfOH,91,91,-40,0.167,0.66,DCM,Gly-data y1.csv
STol,b,N3,equatorial,OBn,OBn,equatorial,OBn,270,OMe,a,OBn,OBn,OBn,OH,6_OH,primary,7.16,-40 ℃,DCM,0.167M,01:01.5,NIS_TfOH,20,20,-40,0.167,1.5,DCM,Gly-data y1.csv
STol,b,OBn,equatorial,OBn,OBn,equatorial,OBn,2656,OMe,a,OBn,OBn,OBn,OH,6_OH,primary,7.16,-40 ℃,DCM,0.167M,01:01.5,NIS_TfOH,31,31,-40,0.167,1.5,DCM,Gly-data y1.csv
STol,b,OBn,equatorial,OBn,OBn,axial,CH3,72000,OMe,a,OBn,OBn,OBn,OH,6_OH,primary,7.16,-40 ℃,DCM,0.167M,01:01.5,NIS_TfOH,73,73,-40,0.167,1.5,DCM,Gly-data y1.csv
STol,a,H,equatorial,OBn,OBn,equatorial,OBn,1000000,OMe,a,OBn,OBn,OBn,OH,6_OH,primary,7.16,-40 ℃,DCM,0.167M,01:01.5,NIS_TfOH,78,78,-40,0.167,1.5,DCM,Gly-data y1.csv
STol,b,N3,equatorial,OBn,OBn,equatorial,OBn,270,OMe,a,OBn,OBn,OH,OBn,4_OH,secondary,1,-40 ℃,DCM,0.167M,01:01.5,NIS_TfOH,22,22,-40,0.167,1.5,DCM,Gly-data y1.csv
STol,b,OBn,equatorial,OBn,OBn,equatorial,OBn,2656,OMe,a,OBn,OBn,OH,OBn,4_OH,secondary,1,-40 ℃,DCM,0.167M,01:01.5,NIS_TfOH,72,72,-40,0.167,1.5,DCM,Gly-data y1.csv
STol,b,OBn,equatorial,OBn,OBn,axial,CH3,72000,OMe,a,OBn,OBn,OH,OBn,4_OH,secondary,1,-40 ℃,DCM,0.167M,01:01.5,NIS_TfOH,66,66,-40,0.167,1.5,DCM,Gly-data y1.csv
STol,a,H,equatorial,OBn,OBn,equatorial,OBn,1000000,OMe,a,OBn,OBn,OH,OBn,4_OH,secondary,1,-20 ℃,DCM,0.167M,01:01.5,NIS_TfOH,86,86,-20,0.167,1.5,DCM,Gly-data y1.csv
STol,b,N3,equatorial,OBn,OBn,equatorial,OBn,270,OMe,a,OBn,OBn,OBn,OH,6_OH,primary,7.16,-20 ℃,DCM,0.167M,01:01.5,NIS_TfOH,23,23,-20,0.167,1.5,DCM,Gly-data y1.csv
STol,b,OBn,equatorial,OBn,OBn,equatorial,OBn,2656,OMe,a,OBn,OBn,OBn,OH,6_OH,primary,7.16,-20 ℃,DCM,0.167M,01:01.5,NIS_TfOH,40,40,-20,0.167,1.5,DCM,Gly-data y1.csv
STol,b,OBn,equatorial,OBn,OBn,axial,CH3,72000,OMe,a,OBn,OBn,OBn,OH,6_OH,primary,7.16,-20 ℃,DCM,0.167M,01:01.5,NIS_TfOH,52,52,-20,0.167,1.5,DCM,Gly-data y1.csv
STol,a,H,equatorial,OBn,OBn,equatorial,OBn,1000000,OMe,a,OBn,OBn,OBn,OH,6_OH,primary,7.16,-20 ℃,DCM,0.167M,01:01.5,NIS_TfOH,72,72,-20,0.167,1.5,DCM,Gly-data y1.csv
STol,b,N3,equatorial,OBn,OBn,equatorial,OBn,270,OMe,a,OBn,OBn,OH,OBn,4_OH,secondary,1,-20 ℃,DCM,0.167M,01:01.5,NIS_TfOH,53,53,-20,0.167,1.5,DCM,Gly-data y1.csv
STol,b,OBn,equatorial,OBn,OBn,equatorial,OBn,2656,OMe,a,OBn,OBn,OH,OBn,4_OH,secondary,1,-20 ℃,DCM,0.167M,01:01.5,NIS_TfOH,70,70,-20,0.167,1.5,DCM,Gly-data y1.csv
STol,b,OBn,equatorial,OBn,OBn,axial,CH3,72000,OMe,a,OBn,OBn,OH,OBn,4_OH,secondary,1,-20 ℃,DCM,0.167M,01:01.5,NIS_TfOH,73,73,-20,0.167,1.5,DCM,Gly-data y1.csv
STol,a,H,equatorial,OBn,OBn,equatorial,OBn,1000000,OMe,a,OBn,OBn,OH,OBn,4_OH,secondary,1,0 ℃,DCM,0.167M,01:01.5,NIS_TfOH,84,84,0,0.167,1.5,DCM,Gly-data y1.csv
STol,b,N3,equatorial,OBn,OBn,equatorial,OBn,270,OMe,a,OBn,OBn,OBn,OH,6_OH,primary,7.16,0 ℃,DCM,0.167M,01:01.5,NIS_TfOH,30,30,0,0.167,1.5,DCM,Gly-data y1.csv
STol,b,OBn,equatorial,OBn,OBn,equatorial,OBn,2656,OMe,a,OBn,OBn,OBn,OH,6_OH,primary,7.16,0 ℃,DCM,0.167M,01:01.5,NIS_TfOH,50,50,0,0.167,1.5,DCM,Gly-data y1.csv
STol,b,OBn,equatorial,OBn,OBn,axial,CH3,72000,OMe,a,OBn,OBn,OBn,OH,6_OH,primary,7.16,0 ℃,DCM,0.167M,01:01.5,NIS_TfOH,52,52,0,0.167,1.5,DCM,Gly-data y1.csv
STol,a,H,equatorial,OBn,OBn,equatorial,OBn,1000000,OMe,a,OBn,OBn,OBn,OH,6_OH,primary,7.16,0 ℃,DCM,0.167M,01:01.5,NIS_TfOH,72,72,0,0.167,1.5,DCM,Gly-data y1.csv
STol,b,N3,equatorial,OBn,OBn,equatorial,OBn,270,OMe,a,OBn,OBn,OH,OBn,4_OH,secondary,1,0 ℃,DCM,0.167M,01:01.5,NIS_TfOH,53,53,0,0.167,1.5,DCM,Gly-data y1.csv
STol,b,OBn,equatorial,OBn,OBn,equatorial,OBn,2656,OMe,a,OBn,OBn,OH,OBn,4_OH,secondary,1,0 ℃,DCM,0.167M,01:01.5,NIS_TfOH,70,70,0,0.167,1.5,DCM,Gly-data y1.csv
STol,b,OBn,equatorial,OBn,OBn,axial,CH3,72000,OMe,a,OBn,OBn,OH,OBn,4_OH,secondary,1,0 ℃,DCM,0.167M,01:01.5,NIS_TfOH,73,73,0,0.167,1.5,DCM,Gly-data y1.csv
STol,a,H,equatorial,OBn,OBn,equatorial,OBn,1000000,OMe,a,OBn,OBn,OH,OBn,4_OH,secondary,1,25 ℃,DCM,0.167M,01:01.5,NIS_TfOH,48,48,25,0.167,1.5,DCM,Gly-data y1.csv
STol,b,N3,equatorial,OBn,OBn,equatorial,OBn,270,OMe,a,OBn,OBn,OBn,OH,6_OH,primary,7.16,25 ℃,DCM,0.167M,01:01.5,NIS_TfOH,35,35,25,0.167,1.5,DCM,Gly-data y1.csv
STol,b,OBn,equatorial,OBn,OBn,equatorial,OBn,2656,OMe,a,OBn,OBn,OBn,OH,6_OH,primary,7.16,25 ℃,DCM,0.167M,01:01.5,NIS_TfOH,54,54,25,0.167,1.5,DCM,Gly-data y1.csv
STol,b,OBn,equatorial,OBn,OBn,axial,CH3,72000,OMe,a,OBn,OBn,OBn,OH,6_OH,primary,7.16,25 ℃,DCM,0.167M,01:01.5,NIS_TfOH,52,52,25,0.167,1.5,DCM,Gly-data y1.csv
STol,a,H,equatorial,OBn,OBn,equatorial,OBn,1000000,OMe,a,OBn,OBn,OBn,OH,6_OH,primary,7.16,25 ℃,DCM,0.167M,01:01.5,NIS_TfOH,72,72,25,0.167,1.5,DCM,Gly-data y1.csv
STol,b,N3,equatorial,OBn,OBn,equatorial,OBn,270,OMe,a,OBn,OBn,OH,OBn,4_OH,secondary,1,25 ℃,DCM,0.167M,01:01.5,NIS_TfOH,61,61,25,0.167,1.5,DCM,Gly-data y1.csv
STol,b,OBn,equatorial,OBn,OBn,equatorial,OBn,2656,OMe,a,OBn,OBn,OH,OBn,4_OH,secondary,1,25 ℃,DCM,0.167M,01:01.5,NIS_TfOH,73,73,25,0.167,1.5,DCM,Gly-data y1.csv
STol,b,OBn,equatorial,OBn,OBn,axial,CH3,72000,OMe,a,OBn,OBn,OH,OBn,4_OH,secondary,1,25 ℃,DCM,0.167M,01:01.5,NIS_TfOH,77,77,25,0.167,1.5,DCM,Gly-data y1.csv
STol,a,H,equatorial,OBn,OBn,equatorial,OBn,1000000,OMe,a,OBn,OBn,OH,OBn,4_OH,secondary,1,-40 ℃,DCM,0.167M,01:01.5,NIS_TfOH,87,87,-40,0.167,1.5,DCM,Gly-data y1.csv
STol,a,H,equatorial,OBn,OBn,equatorial,OBn,1000000,OMe,a,OBn,OBn,OH,OBn,4_OH,secondary,1,-40 ℃,DCM,0.167M,01:01.5,NIS_TfOH,86,86,-40,0.167,1.5,DCM,Gly-data y1.csv
STol,b,N3,equatorial,OBn,OBn,equatorial,OBn,270,OMe,a,OBn,OBn,OBn,OH,6_OH,primary,7.16,-40 ℃,THF,0.167M,01:01.5,NIS_TfOH,63,63,-40,0.167,1.5,THF,Gly-data y1.csv
STol,b,OBn,equatorial,OBn,OBn,equatorial,OBn,2656,OMe,a,OBn,OBn,OBn,OH,6_OH,primary,7.16,-40 ℃,THF,0.167M,01:01.5,NIS_TfOH,30,30,-40,0.167,1.5,THF,Gly-data y1.csv
STol,b,OBn,equatorial,OBn,OBn,axial,CH3,72000,OMe,a,OBn,OBn,OBn,OH,6_OH,primary,7.16,-40 ℃,THF,0.167M,01:01.5,NIS_TfOH,64,64,-40,0.167,1.5,THF,Gly-data y1.csv
STol,a,H,equatorial,OBn,OBn,equatorial,OBn,1000000,OMe,a,OBn,OBn,OBn,OH,6_OH,primary,7.16,-40 ℃,THF,0.167M,01:01.5,NIS_TfOH,77,77,-40,0.167,1.5,THF,Gly-data y1.csv
STol,b,N3,equatorial,OBn,OBn,equatorial,OBn,270,OMe,a,OBn,OBn,OH,OBn,4_OH,secondary,1,-40 ℃,THF,0.167M,01:01.5,NIS_TfOH,44,44,-40,0.167,1.5,THF,Gly-data y1.csv
STol,b,OBn,equatorial,OBn,OBn,equatorial,OBn,2656,OMe,a,OBn,OBn,OH,OBn,4_OH,secondary,1,-40 ℃,THF,0.167M,01:01.5,NIS_TfOH,68,68,-40,0.167,1.5,THF,Gly-data y1.csv
STol,b,OBn,equatorial,OBn,OBn,axial,CH3,72000,OMe,a,OBn,OBn,OH,OBn,4_OH,secondary,1,-40 ℃,THF,0.167M,01:01.5,NIS_TfOH,77,77,-40,0.167,1.5,THF,Gly-data y1.csv
STol,a,H,equatorial,OBn,OBn,equatorial,OBn,1000000,OMe,a,OBn,OBn,OH,OBn,4_OH,secondary,1,-40 ℃,THF,0.167M,01:01.5,NIS_TfOH,89,89,-40,0.167,1.5,THF,Gly-data y1.csv
STol,b,N3,equatorial,OBn,OBn,equatorial,OBn,270,OMe,a,OBn,OBn,OBn,OH,6_OH,primary,7.16,-40 ℃,Toluene,0.167M,01:01.5,NIS_TfOH,25,25,-40,0.167,1.5,Toluene,Gly-data y1.csv
STol,b,OBn,equatorial,OBn,OBn,equatorial,OBn,2656,OMe,a,OBn,OBn,OBn,OH,6_OH,primary,7.16,-40 ℃,Toluene,0.167M,01:01.5,NIS_TfOH,20,20,-40,0.167,1.5,Toluene,Gly-data y1.csv
STol,b,OBn,equatorial,OBn,OBn,axial,CH3,72000,OMe,a,OBn,OBn,OBn,OH,6_OH,primary,7.16,-40 ℃,Toluene,0.167M,01:01.5,NIS_TfOH,71,71,-40,0.167,1.5,Toluene,Gly-data y1.csv
STol,a,H,equatorial,OBn,OBn,equatorial,OBn,1000000,OMe,a,OBn,OBn,OBn,OH,6_OH,primary,7.16,-40 ℃,Toluene,0.167M,01:01.5,NIS_TfOH,72,72,-40,0.167,1.5,Toluene,Gly-data y1.csv
STol,b,N3,equatorial,OBn,OBn,equatorial,OBn,270,OMe,a,OBn,OBn,OH,OBn,4_OH,secondary,1,-40 ℃,Toluene,0.167M,01:01.5,NIS_TfOH,58,58,-40,0.167,1.5,Toluene,Gly-data y1.csv
STol,b,OBn,equatorial,OBn,OBn,equatorial,OBn,2656,OMe,a,OBn,OBn,OH,OBn,4_OH,secondary,1,-40 ℃,Toluene,0.167M,01:01.5,NIS_TfOH,61,61,-40,0.167,1.5,Toluene,Gly-data y1.csv
STol,b,OBn,equatorial,OBn,OBn,axial,CH3,72000,OMe,a,OBn,OBn,OH,OBn,4_OH,secondary,1,-40 ℃,Toluene,0.167M,01:01.5,NIS_TfOH,63,63,-40,0.167,1.5,Toluene,Gly-data y1.csv
STol,a,H,equatorial,OBn,OBn,equatorial,OBn,1000000,OMe,a,OBn,OBn,OH,OBn,4_OH,secondary,1,-40 ℃,Toluene,0.167M,01:01.5,NIS_TfOH,83,83,-40,0.167,1.5,Toluene,Gly-data y1.csv
STol,b,N3,equatorial,OBn,OBn,equatorial,OBn,270,OMe,a,OBn,OBn,OBn,OH,6_OH,primary,7.16,-40 ℃,DCM/ACN,0.167M,01:01.5,NIS_TfOH,0,0,-40,0.167,1.5,DCM/ACN,Gly-data y1.csv
STol,b,OBn,equatorial,OBn,OBn,equatorial,OBn,2656,OMe,a,OBn,OBn,OBn,OH,6_OH,primary,7.16,-40 ℃,DCM/ACN,0.167M,01:01.5,NIS_TfOH,10,10,-40,0.167,1.5,DCM/ACN,Gly-data y1.csv
STol,b,OBn,equatorial,OBn,OBn,axial,CH3,72000,OMe,a,OBn,OBn,OBn,OH,6_OH,primary,7.16,-40 ℃,DCM/ACN,0.167M,01:01.5,NIS_TfOH,26,26,-40,0.167,1.5,DCM/ACN,Gly-data y1.csv
STol,a,H,equatorial,OBn,OBn,equatorial,OBn,1000000,OMe,a,OBn,OBn,OBn,OH,6_OH,primary,7.16,-40 ℃,DCM/ACN,0.167M,01:01.5,NIS_TfOH,75,75,-40,0.167,1.5,DCM/ACN,Gly-data y1.csv
STol,b,N3,equatorial,OBn,OBn,equatorial,OBn,270,OMe,a,OBn,OBn,OH,OBn,4_OH,secondary,1,-40 ℃,DCM/ACN,0.167M,01:01.5,NIS_TfOH,55,55,-40,0.167,1.5,DCM/ACN,Gly-data y1.csv
STol,b,OBn,equatorial,OBn,OBn,equatorial,OBn,2656,OMe,a,OBn,OBn,OH,OBn,4_OH,secondary,1,-40 ℃,DCM/ACN,0.167M,01:01.5,NIS_TfOH,68,68,-40,0.167,1.5,DCM/ACN,Gly-data y1.csv
STol,b,OBn,equatorial,OBn,OBn,axial,CH3,72000,OMe,a,OBn,OBn,OH,OBn,4_OH,secondary,1,-40 ℃,DCM/ACN,0.167M,01:01.5,NIS_TfOH,64,64,-40,0.167,1.5,DCM/ACN,Gly-data y1.csv
STol,a,H,equatorial,OBn,OBn,equatorial,OBn,1000000,OMe,a,OBn,OBn,OH,OBn,4_OH,secondary,1,-40 ℃,DCM/ACN,0.167M,01:01.5,NIS_TfOH,79,79,-40,0.167,1.5,DCM/ACN,Gly-data y1.csv
STol,b,N3,equatorial,OBn,OBn,equatorial,OBn,270,OMe,a,OBn,OBn,OBn,OH,6_OH,primary,7.16,-40 ℃,DCM/DMF,0.167M,01:01.5,NIS_TfOH,40,40,-40,0.167,1.5,DCM/DMF,Gly-data y1.csv
STol,b,OBn,equatorial,OBn,OBn,equatorial,OBn,2656,OMe,a,OBn,OBn,OBn,OH,6_OH,primary,7.16,-40 ℃,DCM/DMF,0.167M,01:01.5,NIS_TfOH,50,50,-40,0.167,1.5,DCM/DMF,Gly-data y1.csv
STol,b,OBn,equatorial,OBn,OBn,axial,CH3,72000,OMe,a,OBn,OBn,OBn,OH,6_OH,primary,7.16,-40 ℃,DCM/DMF,0.167M,01:01.5,NIS_TfOH,79,79,-40,0.167,1.5,DCM/DMF,Gly-data y1.csv
STol,a,H,equatorial,OBn,OBn,equatorial,OBn,1000000,OMe,a,OBn,OBn,OBn,OH,6_OH,primary,7.16,-40 ℃,DCM/DMF,0.167M,01:01.5,NIS_TfOH,75,75,-40,0.167,1.5,DCM/DMF,Gly-data y1.csv
STol,b,N3,equatorial,OBn,OBn,equatorial,OBn,270,OMe,a,OBn,OBn,OH,OBn,4_OH,secondary,1,-40 ℃,DCM/DMF,0.167M,01:01.5,NIS_TfOH,50,50,-40,0.167,1.5,DCM/DMF,Gly-data y1.csv
STol,b,OBn,equatorial,OBn,OBn,equatorial,OBn,2656,OMe,a,OBn,OBn,OH,OBn,4_OH,secondary,1,-40 ℃,DCM/DMF,0.167M,01:01.5,NIS_TfOH,70,70,-40,0.167,1.5,DCM/DMF,Gly-data y1.csv
STol,b,OBn,equatorial,OBn,OBn,axial,CH3,72000,OMe,a,OBn,OBn,OH,OBn,4_OH,secondary,1,-40 ℃,DCM/DMF,0.167M,01:01.5,NIS_TfOH,66,66,-40,0.167,1.5,DCM/DMF,Gly-data y1.csv
STol,a,H,equatorial,OBn,OBn,equatorial,OBn,1000000,OMe,a,OBn,OBn,OH,OBn,4_OH,secondary,1,-40 ℃,DCM/DMF,0.167M,01:01.5,NIS_TfOH,84,84,-40,0.167,1.5,DCM/DMF,Gly-data y1.csv
STol,b,N3,equatorial,OBn,OBn,equatorial,OBn,270,OMe,a,OBn,OBn,OBn,OH,6_OH,primary,7.16,-40 ℃,DCM/p-Dioxane,0.167M,01:01.5,NIS_TfOH,69,69,-40,0.167,1.5,DCM/p-Dioxane,Gly-data y1.csv
STol,b,OBn,equatorial,OBn,OBn,equatorial,OBn,2656,OMe,a,OBn,OBn,OBn,OH,6_OH,primary,7.16,-40 ℃,DCM/p-Dioxane,0.167M,01:01.5,NIS_TfOH,54,54,-40,0.167,1.5,DCM/p-Dioxane,Gly-data y1.csv
STol,b,OBn,equatorial,OBn,OBn,axial,CH3,72000,OMe,a,OBn,OBn,OBn,OH,6_OH,primary,7.16,-40 ℃,DCM/p-Dioxane,0.167M,01:01.5,NIS_TfOH,89,89,-40,0.167,1.5,DCM/p-Dioxane,Gly-data y1.csv
STol,a,H,equatorial,OBn,OBn,equatorial,OBn,1000000,OMe,a,OBn,OBn,OBn,OH,6_OH,primary,7.16,-40 ℃,DCM/p-Dioxane,0.167M,01:01.5,NIS_TfOH,90,90,-40,0.167,1.5,DCM/p-Dioxane,Gly-data y1.csv
STol,b,N3,equatorial,OBn,OBn,equatorial,OBn,270,OMe,a,OBn,OBn,OH,OBn,4_OH,secondary,1,-40 ℃,DCM/p-Dioxane,0.167M,01:01.5,NIS_TfOH,62,62,-40,0.167,1.5,DCM/p-Dioxane,Gly-data y1.csv
STol,b,OBn,equatorial,OBn,OBn,equatorial,OBn,2656,OMe,a,OBn,OBn,OH,OBn,4_OH,secondary,1,-40 ℃,DCM/p-Dioxane,0.167M,01:01.5,NIS_TfOH,78,78,-40,0.167,1.5,DCM/p-Dioxane,Gly-data y1.csv
STol,b,OBn,equatorial,OBn,OBn,axial,CH3,72000,OMe,a,OBn,OBn,OH,OBn,4_OH,secondary,1,-40 ℃,DCM/p-Dioxane,0.167M,01:01.5,NIS_TfOH,73,73,-40,0.167,1.5,DCM/p-Dioxane,Gly-data y1.csv
STol,a,H,equatorial,OBn,OBn,equatorial,OBn,1000000,OMe,a,OBn,OBn,OH,OBn,4_OH,secondary,1,-40 ℃,DCM/p-Dioxane,0.167M,01:01.5,NIS_TfOH,92,92,-40,0.167,1.5,DCM/p-Dioxane,Gly-data y1.csv
STol,b,N3,equatorial,OBn,OBn,equatorial,OBn,270,OMe,a,OBn,OBn,OBn,OH,6_OH,primary,7.16,-40 ℃,DCM,0.308M,01:01.5,NIS_TfOH,42,42,-40,0.308,1.5,DCM,Gly-data y1.csv
STol,b,OBn,equatorial,OBn,OBn,equatorial,OBn,2656,OMe,a,OBn,OBn,OBn,OH,6_OH,primary,7.16,-40 ℃,DCM,0.308M,01:01.5,NIS_TfOH,38,38,-40,0.308,1.5,DCM,Gly-data y1.csv
STol,b,OBn,equatorial,OBn,OBn,axial,CH3,72000,OMe,a,OBn,OBn,OBn,OH,6_OH,primary,7.16,-40 ℃,DCM,0.308M,01:01.5,NIS_TfOH,69,69,-40,0.308,1.5,DCM,Gly-data y1.csv
STol,a,H,equatorial,OBn,OBn,equatorial,OBn,1000000,OMe,a,OBn,OBn,OBn,OH,6_OH,primary,7.16,-40 ℃,DCM,0.308M,01:01.5,NIS_TfOH,75,75,-40,0.308,1.5,DCM,Gly-data y1.csv
STol,b,N3,equatorial,OBn,OBn,equatorial,OBn,270,OMe,a,OBn,OBn,OH,OBn,4_OH,secondary,1,-40 ℃,DCM,0.308M,01:01.5,NIS_TfOH,31,31,-40,0.308,1.5,DCM,Gly-data y1.csv
STol,b,OBn,equatorial,OBn,OBn,equatorial,OBn,2656,OMe,a,OBn,OBn,OH,OBn,4_OH,secondary,1,-40 ℃,DCM,0.308M,01:01.5,NIS_TfOH,64,64,-40,0.308,1.5,DCM,Gly-data y1.csv
STol,b,OBn,equatorial,OBn,OBn,axial,CH3,72000,OMe,a,OBn,OBn,OH,OBn,4_OH,secondary,1,-40 ℃,DCM,0.308M,01:01.5,NIS_TfOH,62,62,-40,0.308,1.5,DCM,Gly-data y1.csv
STol,a,H,equatorial,OBn,OBn,equatorial,OBn,1000000,OMe,a,OBn,OBn,OH,OBn,4_OH,secondary,1,-40 ℃,DCM,0.308M,01:01.5,NIS_TfOH,80,80,-40,0.308,1.5,DCM,Gly-data y1.csv
STol,b,N3,equatorial,OBn,OBn,equatorial,OBn,270,OMe,a,OBn,OBn,OBn,OH,6_OH,primary,7.16,-40 ℃,DCM,0.051M,01:01.5,NIS_TfOH,38,38,-40,0.051,1.5,DCM,Gly-data y1.csv
STol,b,OBn,equatorial,OBn,OBn,equatorial,OBn,2656,OMe,a,OBn,OBn,OBn,OH,6_OH,primary,7.16,-40 ℃,DCM,0.051M,01:01.5,NIS_TfOH,41,41,-40,0.051,1.5,DCM,Gly-data y1.csv
STol,b,OBn,equatorial,OBn,OBn,axial,CH3,72000,OMe,a,OBn,OBn,OBn,OH,6_OH,primary,7.16,-40 ℃,DCM,0.051M,01:01.5,NIS_TfOH,70,70,-40,0.051,1.5,DCM,Gly-data y1.csv
STol,a,H,equatorial,OBn,OBn,equatorial,OBn,1000000,OMe,a,OBn,OBn,OBn,OH,6_OH,primary,7.16,-40 ℃,DCM,0.051M,01:01.5,NIS_TfOH,72,72,-40,0.051,1.5,DCM,Gly-data y1.csv
STol,b,N3,equatorial,OBn,OBn,equatorial,OBn,270,OMe,a,OBn,OBn,OH,OBn,4_OH,secondary,1,-40 ℃,DCM,0.051M,01:01.5,NIS_TfOH,24,24,-40,0.051,1.5,DCM,Gly-data y1.csv
STol,b,OBn,equatorial,OBn,OBn,equatorial,OBn,2656,OMe,a,OBn,OBn,OH,OBn,4_OH,secondary,1,-40 ℃,DCM,0.051M,01:01.5,NIS_TfOH,69,69,-40,0.051,1.5,DCM,Gly-data y1.csv
STol,b,OBn,equatorial,OBn,OBn,axial,CH3,72000,OMe,a,OBn,OBn,OH,OBn,4_OH,secondary,1,-40 ℃,DCM,0.051M,01:01.5,NIS_TfOH,73,73,-40,0.051,1.5,DCM,Gly-data y1.csv
STol,a,H,equatorial,OBn,OBn,equatorial,OBn,1000000,OMe,a,OBn,OBn,OH,OBn,4_OH,secondary,1,-40 ℃,DCM,0.051M,01:01.5,NIS_TfOH,78,78,-40,0.051,1.5,DCM,Gly-data y1.csv
STol,b,N3,equatorial,OBn,OBn,equatorial,OBn,270,OMe,a,OBn,OBn,OBn,OH,6_OH,primary,7.16,-40 ℃,DCM,0.036M,01:01.5,NIS_TfOH,46,46,-40,0.036,1.5,DCM,Gly-data y1.csv
STol,b,OBn,equatorial,OBn,OBn,equatorial,OBn,2656,OMe,a,OBn,OBn,OBn,OH,6_OH,primary,7.16,-40 ℃,DCM,0.036M,01:01.5,NIS_TfOH,32,32,-40,0.036,1.5,DCM,Gly-data y1.csv
STol,b,OBn,equatorial,OBn,OBn,axial,CH3,72000,OMe,a,OBn,OBn,OBn,OH,6_OH,primary,7.16,-40 ℃,DCM,0.036M,01:01.5,NIS_TfOH,66,66,-40,0.036,1.5,DCM,Gly-data y1.csv
STol,a,H,equatorial,OBn,OBn,equatorial,OBn,1000000,OMe,a,OBn,OBn,OBn,OH,6_OH,primary,7.16,-40 ℃,DCM,0.036M,01:01.5,NIS_TfOH,74,74,-40,0.036,1.5,DCM,Gly-data y1.csv
STol,b,N3,equatorial,OBn,OBn,equatorial,OBn,270,OMe,a,OBn,OBn,OH,OBn,4_OH,secondary,1,-40 ℃,DCM,0.036M,01:01.5,NIS_TfOH,26,26,-40,0.036,1.5,DCM,Gly-data y1.csv
STol,b,OBn,equatorial,OBn,OBn,equatorial,OBn,2656,OMe,a,OBn,OBn,OH,OBn,4_OH,secondary,1,-40 ℃,DCM,0.036M,01:01.5,NIS_TfOH,70,70,-40,0.036,1.5,DCM,Gly-data y1.csv
STol,b,OBn,equatorial,OBn,OBn,axial,CH3,72000,OMe,a,OBn,OBn,OH,OBn,4_OH,secondary,1,-40 ℃,DCM,0.036M,01:01.5,NIS_TfOH,72,72,-40,0.036,1.5,DCM,Gly-data y1.csv
STol,a,H,equatorial,OBn,OBn,equatorial,OBn,1000000,OMe,a,OBn,OBn,OH,OBn,4_OH,secondary,1,-40 ℃,DCM,0.036M,01:01.5,NIS_TfOH,74,74,-40,0.036,1.5,DCM,Gly-data y1.csv
STol,b,N3,equatorial,OBn,OBn,equatorial,OBn,270,OMe,a,OBn,OBn,OBn,OH,6_OH,primary,7.16,-40 ℃,DCM,0.018M,01:01.5,NIS_TfOH,50,50,-40,0.018,1.5,DCM,Gly-data y1.csv
STol,b,OBn,equatorial,OBn,OBn,equatorial,OBn,2656,OMe,a,OBn,OBn,OBn,OH,6_OH,primary,7.16,-40 ℃,DCM,0.018M,01:01.5,NIS_TfOH,36,36,-40,0.018,1.5,DCM,Gly-data y1.csv
STol,b,OBn,equatorial,OBn,OBn,axial,CH3,72000,OMe,a,OBn,OBn,OBn,OH,6_OH,primary,7.16,-40 ℃,DCM,0.018M,01:01.5,NIS_TfOH,63,63,-40,0.018,1.5,DCM,Gly-data y1.csv
STol,a,H,equatorial,OBn,OBn,equatorial,OBn,1000000,OMe,a,OBn,OBn,OBn,OH,6_OH,primary,7.16,-40 ℃,DCM,0.018M,01:01.5,NIS_TfOH,70,70,-40,0.018,1.5,DCM,Gly-data y1.csv
STol,b,N3,equatorial,OBn,OBn,equatorial,OBn,270,OMe,a,OBn,OBn,OH,OBn,4_OH,secondary,1,-40 ℃,DCM,0.018M,01:01.5,NIS_TfOH,30,30,-40,0.018,1.5,DCM,Gly-data y1.csv
STol,b,OBn,equatorial,OBn,OBn,equatorial,OBn,2656,OMe,a,OBn,OBn,OH,OBn,4_OH,secondary,1,-40 ℃,DCM,0.018M,01:01.5,NIS_TfOH,68,68,-40,0.018,1.5,DCM,Gly-data y1.csv
STol,b,OBn,equatorial,OBn,OBn,axial,CH3,72000,OMe,a,OBn,OBn,OH,OBn,4_OH,secondary,1,-40 ℃,DCM,0.018M,01:01.5,NIS_TfOH,70,70,-40,0.018,1.5,DCM,Gly-data y1.csv
STol,a,H,equatorial,OBn,OBn,equatorial,OBn,1000000,OMe,a,OBn,OBn,OH,OBn,4_OH,secondary,1,-40 ℃,DCM,0.018M,01:01.5,NIS_TfOH,77,77,-40,0.018,1.5,DCM,Gly-data y1.csv
DCM,0.167M,01:01.5,NIS_TfOH,-40 ℃,STol,b,N3,equatorial,OBn,OBn,equatorial,OBn,270,-,-,-,-,-,-,1_OH,primary,100,62,62,,1,,-,Gly-data y2.csv
DCM,0.167M,01:01.5,NIS_TfOH,-40 ℃,STol,b,OBn,equatorial,OBn,OBn,equatorial,OBn,2656,-,-,-,-,-,-,1_OH,primary,100,82,82,,1,,-,Gly-data y2.csv
DCM,0.167M,01:01.5,NIS_TfOH,-40 ℃,STol,b,OBn,equatorial,OBn,OBn,axial,OBn,17000,-,-,-,-,-,-,1_OH,tertiary,80,87,87,,1,,-,Gly-data y2.csv
DCM,0.167M,01:01.5,NIS_TfOH,-40 ℃,STol,b,OBn,equatorial,OBn,OBn,axial,CH3,72000,-,-,-,-,-,-,1_OH,primary,100,93,93,,1,,-,Gly-data y2.csv
DCM,0.167M,01:01.5,NIS_TfOH,-40 ℃,STol,a,H,equatorial,OBn,OBn,equatorial,OBn,1000000,-,-,-,-,-,-,1_OH,primary,100,38,38,,1,,-,Gly-data y2.csv
DCM,0.167M,01:01.5,NIS_TfOH,-40 ℃,STol,b,N3,equatorial,OBn,OBn,equatorial,OBn,270,-,-,-,-,-,-,1_OH,Secondary,1.36,69,69,,1,,-,Gly-data y2.csv
DCM,0.167M,01:01.5,NIS_TfOH,-40 ℃,STol,b,OBn,equatorial,OBn,OBn,equatorial,OBn,2656,-,-,-,-,-,-,1_OH,Secondary,1.36,84,84,,1,,-,Gly-data y2.csv
DCM,0.167M,01:01.5,NIS_TfOH,-40 ℃,STol,b,OBn,equatorial,OBn,OBn,axial,CH3,72000,-,-,-,-,-,-,1_OH,Secondary,1.36,72,72,,1,,-,Gly-data y2.csv
DCM,0.167M,01:01.5,NIS_TfOH,-40 ℃,STol,a,H,equatorial,OBn,OBn,equatorial,OBn,1000000,-,-,-,-,-,-,1_OH,Secondary,1.36,64,64,,1,,-,Gly-data y2.csv
DCM,0.167M,01:01.5,NIS_TfOH,-20 ℃,STol,b,N3,equatorial,OBn,OBn,equatorial,OBn,270,-,-,-,-,-,-,1_OH,primary,100,38,38,,1,,-,Gly-data y2.csv
DCM,0.167M,01:01.5,NIS_TfOH,-20 ℃,STol,b,OBn,equatorial,OBn,OBn,equatorial,OBn,2656,-,-,-,-,-,-,1_OH,primary,100,69,69,,1,,-,Gly-data y2.csv
DCM,0.167M,01:01.5,NIS_TfOH,-20 ℃,STol,b,OBn,equatorial,OBn,OBn,axial,OBn,17000,-,-,-,-,-,-,1_OH,tertiary,80,78,78,,1,,-,Gly-data y2.csv
DCM,0.167M,01:01.5,NIS_TfOH,-20 ℃,STol,b,OBn,equatorial,OBn,OBn,axial,CH3,72000,-,-,-,-,-,-,1_OH,primary,100,91,91,,1,,-,Gly-data y2.csv
DCM,0.167M,01:01.5,NIS_TfOH,-20 ℃,STol,a,H,equatorial,OBn,OBn,equatorial,OBn,1000000,-,-,-,-,-,-,1_OH,primary,100,24,24,,1,,-,Gly-data y2.csv
DCM,0.167M,01:01.5,NIS_TfOH,-20 ℃,STol,b,N3,equatorial,OBn,OBn,equatorial,OBn,270,-,-,-,-,-,-,1_OH,Secondary,1.36,67,67,,1,,-,Gly-data y2.csv
DCM,0.167M,01:01.5,NIS_TfOH,-20 ℃,STol,b,OBn,equatorial,OBn,OBn,equatorial,OBn,2656,-,-,-,-,-,-,1_OH,Secondary,1.36,84,84,,1,,-,Gly-data y2.csv
DCM,0.167M,01:01.5,NIS_TfOH,-20 ℃,STol,b,OBn,equatorial,OBn,OBn,axial,CH3,72000,-,-,-,-,-,-,1_OH,Secondary,1.36,92,92,,1,,-,Gly-data y2.csv
DCM,0.167M,01:01.5,NIS_TfOH,-20 ℃,STol,a,H,equatorial,OBn,OBn,equatorial,OBn,1000000,-,-,-,-,-,-,1_OH,Secondary,1.36,53,53,,1,,-,Gly-data y2.csv
DCM,0.167M,01:01.5,NIS_TfOH,0 ℃,STol,b,N3,equatorial,OBn,OBn,equatorial,OBn,270,-,-,-,-,-,-,1_OH,primary,100,7,7,,1,,-,Gly-data y2.csv
DCM,0.167M,01:01.5,NIS_TfOH,0 ℃,STol,b,OBn,equatorial,OBn,OBn,equatorial,OBn,2656,-,-,-,-,-,-,1_OH,primary,100,70,70,,1,,-,Gly-data y2.csv
DCM,0.167M,01:01.5,NIS_TfOH,0 ℃,STol,b,OBn,equatorial,OBn,OBn,axial,OBn,17000,-,-,-,-,-,-,1_OH,tertiary,80,38,38,,1,,-,Gly-data y2.csv
DCM,0.167M,01:01.5,NIS_TfOH,0 ℃,STol,b,OBn,equatorial,OBn,OBn,axial,CH3,72000,-,-,-,-,-,-,1_OH,primary,100,80,80,,1,,-,Gly-data y2.csv
DCM,0.167M,01:01.5,NIS_TfOH,0 ℃,STol,a,H,equatorial,OBn,OBn,equatorial,OBn,1000000,-,-,-,-,-,-,1_OH,primary,100,19,19,,1,,-,Gly-data y2.csv
DCM,0.167M,01:01.5,NIS_TfOH,0 ℃,STol,b,N3,equatorial,OBn,OBn,equatorial,OBn,270,-,-,-,-,-,-,1_OH,Secondary,1.36,57,57,,1,,-,Gly-data y2.csv
DCM,0.167M,01:01.5,NIS_TfOH,0 ℃,STol,b,OBn,equatorial,OBn,OBn,axial,CH3,72000,-,-,-,-,-,-,1_OH,Secondary,1.36,55,55,,1,,-,Gly-data y2.csv
DCM,0.167M,01:01.5,NIS_TfOH,0 ℃,STol,a,H,equatorial,OBn,OBn,equatorial,OBn,1000000,-,-,-,-,-,-,1_OH,Secondary,1.36,52,52,,1,,-,Gly-data y2.csv
DCM,0.167M,01:01.5,NIS_TfOH,25 ℃,STol,b,OBn,equatorial,OBn,OBn,equatorial,OBn,2656,-,-,-,-,-,-,1_OH,primary,100,97,97,,1,,-,Gly-data y2.csv
DCM,0.167M,01:01.5,NIS_TfOH,25 ℃,STol,b,OBn,equatorial,OBn,OBn,axial,OBn,17000,-,-,-,-,-,-,1_OH,tertiary,80,92,92,,1,,-,Gly-data y2.csv
DCM,0.167M,01:01.5,NIS_TfOH,25 ℃,STol,b,OBn,equatorial,OBn,OBn,axial,CH3,72000,-,-,-,-,-,-,1_OH,primary,100,92,92,,1,,-,Gly-data y2.csv
DCM,0.167M,01:01.5,NIS_TfOH,25 ℃,STol,b,OBn,equatorial,OBn,OBn,axial,CH3,72000,-,-,-,-,-,-,1_OH,Secondary,1.36,46,46,,1,,-,Gly-data y2.csv
DCM,0.167M,01:01.5,NIS_TfOH,25 ℃,STol,a,H,equatorial,OBn,OBn,equatorial,OBn,1000000,-,-,-,-,-,-,1_OH,Secondary,1.36,20,20,,1,,-,Gly-data y2.csv
THF,0.167M,01:01.5,NIS_TfOH,-40 ℃,STol,b,N3,equatorial,OBn,OBn,equatorial,OBn,270,-,-,-,-,-,-,1_OH,primary,100,44,44,,1,,-,Gly-data y2.csv
THF,0.167M,01:01.5,NIS_TfOH,-40 ℃,STol,b,OBn,equatorial,OBn,OBn,equatorial,OBn,2656,-,-,-,-,-,-,1_OH,primary,100,92,92,,1,,-,Gly-data y2.csv
THF,0.167M,01:01.5,NIS_TfOH,-40 ℃,STol,b,OBn,equatorial,OBn,OBn,axial,OBn,17000,-,-,-,-,-,-,1_OH,tertiary,80,89,89,,1,,-,Gly-data y2.csv
THF,0.167M,01:01.5,NIS_TfOH,-40 ℃,STol,b,OBn,equatorial,OBn,OBn,axial,CH3,72000,-,-,-,-,-,-,1_OH,primary,100,41,41,,1,,-,Gly-data y2.csv
THF,0.167M,01:01.5,NIS_TfOH,-40 ℃,STol,a,H,equatorial,OBn,OBn,equatorial,OBn,1000000,-,-,-,-,-,-,1_OH,primary,100,39,39,,1,,-,Gly-data y2.csv
THF,0.167M,01:01.5,NIS_TfOH,-40 ℃,STol,b,N3,equatorial,OBn,OBn,equatorial,OBn,270,-,-,-,-,-,-,1_OH,Secondary,1.36,18,18,,1,,-,Gly-data y2.csv
THF,0.167M,01:01.5,NIS_TfOH,-40 ℃,STol,b,OBn,equatorial,OBn,OBn,axial,CH3,72000,-,-,-,-,-,-,1_OH,Secondary,1.36,68,68,,1,,-,Gly-data y2.csv
THF,0.167M,01:01.5,NIS_TfOH,-40 ℃,STol,a,H,equatorial,OBn,OBn,equatorial,OBn,1000000,-,-,-,-,-,-,1_OH,Secondary,1.36,18,18,,1,,-,Gly-data y2.csv
Toluene,0.167M,01:01.5,NIS_TfOH,-40 ℃,STol,b,N3,equatorial,OBn,OBn,equatorial,OBn,270,-,-,-,-,-,-,1_OH,primary,100,54,54,,1,,-,Gly-data y2.csv
Toluene,0.167M,01:01.5,NIS_TfOH,-40 ℃,STol,b,OBn,equatorial,OBn,OBn,equatorial,OBn,2656,-,-,-,-,-,-,1_OH,primary,100,82,82,,1,,-,Gly-data y2.csv
Toluene,0.167M,01:01.5,NIS_TfOH,-40 ℃,STol,b,OBn,equatorial,OBn,OBn,axial,OBn,17000,-,-,-,-,-,-,1_OH,tertiary,80,90,90,,1,,-,Gly-data y2.csv
Toluene,0.167M,01:01.5,NIS_TfOH,-40 ℃,STol,b,OBn,equatorial,OBn,OBn,axial,CH3,72000,-,-,-,-,-,-,1_OH,primary,100,75,75,,1,,-,Gly-data y2.csv
Toluene,0.167M,01:01.5,NIS_TfOH,-40 ℃,STol,a,H,equatorial,OBn,OBn,equatorial,OBn,1000000,-,-,-,-,-,-,1_OH,primary,100,21,21,,1,,-,Gly-data y2.csv
Toluene,0.167M,01:01.5,NIS_TfOH,-40 ℃,STol,b,N3,equatorial,OBn,OBn,equatorial,OBn,270,-,-,-,-,-,-,1_OH,Secondary,1.36,36,36,,1,,-,Gly-data y2.csv
Toluene,0.167M,01:01.5,NIS_TfOH,-40 ℃,STol,b,OBn,equatorial,OBn,OBn,equatorial,OBn,2656,-,-,-,-,-,-,1_OH,Secondary,1.36,73,73,,1,,-,Gly-data y2.csv
Toluene,0.167M,01:01.5,NIS_TfOH,-40 ℃,STol,b,OBn,equatorial,OBn,OBn,axial,CH3,72000,-,-,-,-,-,-,1_OH,Secondary,1.36,78,78,,1,,-,Gly-data y2.csv
Toluene,0.167M,01:01.5,NIS_TfOH,-40 ℃,STol,a,H,equatorial,OBn,OBn,equatorial,OBn,1000000,-,-,-,-,-,-,1_OH,Secondary,1.36,48,48,,1,,-,Gly-data y2.csv
DCM/ACN,0.167M,01:01.5,NIS_TfOH,-40 ℃,STol,b,N3,equatorial,OBn,OBn,equatorial,OBn,270,-,-,-,-,-,-,1_OH,primary,100,58,58,,1,,-,Gly-data y2.csv
DCM/ACN,0.167M,01:01.5,NIS_TfOH,-40 ℃,STol,b,OBn,equatorial,OBn,OBn,equatorial,OBn,2656,-,-,-,-,-,-,1_OH,primary,100,85,85,,1,,-,Gly-data y2.csv
DCM/ACN,0.167M,01:01.5,NIS_TfOH,-40 ℃,STol,b,OBn,equatorial,OBn,OBn,axial,OBn,17000,-,-,-,-,-,-,1_OH,tertiary,80,93,93,,1,,-,Gly-data y2.csv
DCM/ACN,0.167M,01:01.5,NIS_TfOH,-40 ℃,STol,b,OBn,equatorial,OBn,OBn,axial,CH3,72000,-,-,-,-,-,-,1_OH,primary,100,84,84,,1,,-,Gly-data y2.csv
DCM/ACN,0.167M,01:01.5,NIS_TfOH,-40 ℃,STol,a,H,equatorial,OBn,OBn,equatorial,OBn,1000000,-,-,-,-,-,-,1_OH,primary,100,33,33,,1,,-,Gly-data y2.csv
DCM/ACN,0.167M,01:01.5,NIS_TfOH,-40 ℃,STol,b,N3,equatorial,OBn,OBn,equatorial,OBn,270,-,-,-,-,-,-,1_OH,Secondary,1.36,21,21,,1,,-,Gly-data y2.csv
DCM/ACN,0.167M,01:01.5,NIS_TfOH,-40 ℃,STol,b,OBn,equatorial,OBn,OBn,equatorial,OBn,2656,-,-,-,-,-,-,1_OH,Secondary,1.36,80,80,,1,,-,Gly-data y2.csv
DCM/ACN,0.167M,01:01.5,NIS_TfOH,-40 ℃,STol,b,OBn,equatorial,OBn,OBn,axial,CH3,72000,-,-,-,-,-,-,1_OH,Secondary,1.36,59,59,,1,,-,Gly-data y2.csv
DCM/ACN,0.167M,01:01.5,NIS_TfOH,-40 ℃,STol,a,H,equatorial,OBn,OBn,equatorial,OBn,1000000,-,-,-,-,-,-,1_OH,Secondary,1.36,31,31,,1,,-,Gly-data y2.csv
DCM/DMF,0.167M,01:01.5,NIS_TfOH,-40 ℃,STol,b,OBn,equatorial,OBn,OBn,axial,CH3,72000,-,-,-,-,-,-,1_OH,primary,100,63,63,,1,,-,Gly-data y2.csv
DCM/DMF,0.167M,01:01.5,NIS_TfOH,-40 ℃,STol,a,H,equatorial,OBn,OBn,equatorial,OBn,1000000,-,-,-,-,-,-,1_OH,primary,100,58,58,,1,,-,Gly-data y2.csv
DCM/p-Dioxane,0.167M,01:01.5,NIS_TfOH,-40 ℃,STol,b,OBn,equatorial,OBn,OBn,equatorial,OBn,2656,-,-,-,-,-,-,1_OH,primary,100,30,30,,1,,-,Gly-data y2.csv
DCM/p-Dioxane,0.167M,01:01.5,NIS_TfOH,-40 ℃,STol,b,OBn,equatorial,OBn,OBn,axial,OBn,17000,-,-,-,-,-,-,1_OH,tertiary,80,72,72,,1,,-,Gly-data y2.csv
DCM/p-Dioxane,0.167M,01:01.5,NIS_TfOH,-40 ℃,STol,b,OBn,equatorial,OBn,OBn,axial,CH3,72000,-,-,-,-,-,-,1_OH,primary,100,46,46,,1,,-,Gly-data y2.csv
DCM/p-Dioxane,0.167M,01:01.5,NIS_TfOH,-40 ℃,STol,a,H,equatorial,OBn,OBn,equatorial,OBn,1000000,-,-,-,-,-,-,1_OH,primary,100,46,46,,1,,-,Gly-data y2.csv
DCM/p-Dioxane,0.167M,01:01.5,NIS_TfOH,-40 ℃,STol,b,N3,equatorial,OBn,OBn,equatorial,OBn,270,-,-,-,-,-,-,1_OH,Secondary,1.36,39,39,,1,,-,Gly-data y2.csv
DCM/p-Dioxane,0.167M,01:01.5,NIS_TfOH,-40 ℃,STol,b,OBn,equatorial,OBn,OBn,equatorial,OBn,2656,-,-,-,-,-,-,1_OH,Secondary,1.36,80,80,,1,,-,Gly-data y2.csv
DCM/p-Dioxane,0.167M,01:01.5,NIS_TfOH,-40 ℃,STol,b,OBn,equatorial,OBn,OBn,axial,CH3,72000,-,-,-,-,-,-,1_OH,Secondary,1.36,67,67,,1,,-,Gly-data y2.csv
DCM,0.308M,01:01.5,NIS_TfOH,-40 ℃,STol,b,N3,equatorial,OBn,OBn,equatorial,OBn,270,-,-,-,-,-,-,1_OH,primary,100,33,33,,1,,-,Gly-data y2.csv
DCM,0.308M,01:01.5,NIS_TfOH,-40 ℃,STol,b,OBn,equatorial,OBn,OBn,equatorial,OBn,2656,-,-,-,-,-,-,1_OH,primary,100,60,60,,1,,-,Gly-data y2.csv
DCM,0.308M,01:01.5,NIS_TfOH,-40 ℃,STol,b,OBn,equatorial,OBn,OBn,axial,OBn,17000,-,-,-,-,-,-,1_OH,tertiary,80,75,75,,1,,-,Gly-data y2.csv
DCM,0.308M,01:01.5,NIS_TfOH,-40 ℃,STol,b,OBn,equatorial,OBn,OBn,axial,CH3,72000,-,-,-,-,-,-,1_OH,primary,100,76,76,,1,,-,Gly-data y2.csv
DCM,0.308M,01:01.5,NIS_TfOH,-40 ℃,STol,b,N3,equatorial,OBn,OBn,equatorial,OBn,270,-,-,-,-,-,-,1_OH,Secondary,1.36,20,20,,1,,-,Gly-data y2.csv
DCM,0.308M,01:01.5,NIS_TfOH,-40 ℃,STol,b,OBn,equatorial,OBn,OBn,equatorial,OBn,2656,-,-,-,-,-,-,1_OH,Secondary,1.36,73,73,,1,,-,Gly-data y2.csv
DCM,0.308M,01:01.5,NIS_TfOH,-40 ℃,STol,b,OBn,equatorial,OBn,OBn,axial,CH3,72000,-,-,-,-,-,-,1_OH,Secondary,1.36,94,94,,1,,-,Gly-data y2.csv
DCM,0.308M,01:01.5,NIS_TfOH,-40 ℃,STol,a,H,equatorial,OBn,OBn,equatorial,OBn,1000000,-,-,-,-,-,-,1_OH,Secondary,1.36,66,66,,1,,-,Gly-data y2.csv
DCM,0.051M,01:01.5,NIS_TfOH,-40 ℃,STol,b,N3,equatorial,OBn,OBn,equatorial,OBn,270,-,-,-,-,-,-,1_OH,primary,100,64,64,,1,,-,Gly-data y2.csv
DCM,0.051M,01:01.5,NIS_TfOH,-40 ℃,STol,b,OBn,equatorial,OBn,OBn,equatorial,OBn,2656,-,-,-,-,-,-,1_OH,primary,100,88,88,,1,,-,Gly-data y2.csv
DCM,0.051M,01:01.5,NIS_TfOH,-40 ℃,STol,b,OBn,equatorial,OBn,OBn,axial,OBn,17000,-,-,-,-,-,-,1_OH,tertiary,80,96,96,,1,,-,Gly-data y2.csv
DCM,0.051M,01:01.5,NIS_TfOH,-40 ℃,STol,b,OBn,equatorial,OBn,OBn,axial,CH3,72000,-,-,-,-,-,-,1_OH,primary,100,81,81,,1,,-,Gly-data y2.csv
DCM,0.051M,01:01.5,NIS_TfOH,-40 ℃,STol,a,H,equatorial,OBn,OBn,equatorial,OBn,1000000,-,-,-,-,-,-,1_OH,primary,100,60,60,,1,,-,Gly-data y2.csv
DCM,0.051M,01:01.5,NIS_TfOH,-40 ℃,STol,b,N3,equatorial,OBn,OBn,equatorial,OBn,270,-,-,-,-,-,-,1_OH,Secondary,1.36,60,60,,1,,-,Gly-data y2.csv
DCM,0.051M,01:01.5,NIS_TfOH,-40 ℃,STol,b,OBn,equatorial,OBn,OBn,equatorial,OBn,2656,-,-,-,-,-,-,1_OH,Secondary,1.36,77,77,,1,,-,Gly-data y2.csv
DCM,0.051M,01:01.5,NIS_TfOH,-40 ℃,STol,b,OBn,equatorial,OBn,OBn,axial,CH3,72000,-,-,-,-,-,-,1_OH,Secondary,1.36,78,78,,1,,-,Gly-data y2.csv
DCM,0.051M,01:01.5,NIS_TfOH,-40 ℃,STol,a,H,equatorial,OBn,OBn,equatorial,OBn,1000000,-,-,-,-,-,-,1_OH,Secondary,1.36,68,68,,1,,-,Gly-data y2.csv
DCM,0.036M,01:01.5,NIS_TfOH,-40 ℃,STol,b,N3,equatorial,OBn,OBn,equatorial,OBn,270,-,-,-,-,-,-,1_OH,primary,100,74,74,,1,,-,Gly-data y2.csv
DCM,0.036M,01:01.5,NIS_TfOH,-40 ℃,STol,b,OBn,equatorial,OBn,OBn,equatorial,OBn,2656,-,-,-,-,-,-,1_OH,primary,100,32,32,,1,,-,Gly-data y2.csv
DCM,0.036M,01:01.5,NIS_TfOH,-40 ℃,STol,b,OBn,equatorial,OBn,OBn,axial,OBn,17000,-,-,-,-,-,-,1_OH,tertiary,80,61,61,,1,,-,Gly-data y2.csv
DCM,0.036M,01:01.5,NIS_TfOH,-40 ℃,STol,b,OBn,equatorial,OBn,OBn,axial,CH3,72000,-,-,-,-,-,-,1_OH,primary,100,96,96,,1,,-,Gly-data y2.csv
DCM,0.036M,01:01.5,NIS_TfOH,-40 ℃,STol,a,H,equatorial,OBn,OBn,equatorial,OBn,1000000,-,-,-,-,-,-,1_OH,primary,100,56,56,,1,,-,Gly-data y2.csv
DCM,0.036M,01:01.5,NIS_TfOH,-40 ℃,STol,b,N3,equatorial,OBn,OBn,equatorial,OBn,270,-,-,-,-,-,-,1_OH,Secondary,1.36,88,88,,1,,-,Gly-data y2.csv
DCM,0.036M,01:01.5,NIS_TfOH,-40 ℃,STol,b,OBn,equatorial,OBn,OBn,equatorial,OBn,2656,-,-,-,-,-,-,1_OH,Secondary,1.36,90,90,,1,,-,Gly-data y2.csv
DCM,0.036M,01:01.5,NIS_TfOH,-40 ℃,STol,b,OBn,equatorial,OBn,OBn,axial,CH3,72000,-,-,-,-,-,-,1_OH,Secondary,1.36,93,93,,1,,-,Gly-data y2.csv
DCM,0.036M,01:01.5,NIS_TfOH,-40 ℃,STol,a,H,equatorial,OBn,OBn,equatorial,OBn,1000000,-,-,-,-,-,-,1_OH,Secondary,1.36,74,74,,1,,-,Gly-data y2.csv
DCM,0.018M,01:01.5,NIS_TfOH,-40 ℃,STol,b,N3,equatorial,OBn,OBn,equatorial,OBn,270,-,-,-,-,-,-,1_OH,primary,100,87,87,,1,,-,Gly-data y2.csv
DCM,0.018M,01:01.5,NIS_TfOH,-40 ℃,STol,b,OBn,equatorial,OBn,OBn,equatorial,OBn,2656,-,-,-,-,-,-,1_OH,primary,100,20,20,,1,,-,Gly-data y2.csv
DCM,0.018M,01:01.5,NIS_TfOH,-40 ℃,STol,b,OBn,equatorial,OBn,OBn,axial,OBn,17000,-,-,-,-,-,-,1_OH,tertiary,80,70,70,,1,,-,Gly-data y2.csv
DCM,0.018M,01:01.5,NIS_TfOH,-40 ℃,STol,b,OBn,equatorial,OBn,OBn,axial,CH3,72000,-,-,-,-,-,-,1_OH,primary,100,72,72,,1,,-,Gly-data y2.csv
DCM,0.018M,01:01.5,NIS_TfOH,-40 ℃,STol,a,H,equatorial,OBn,OBn,equatorial,OBn,1000000,-,-,-,-,-,-,1_OH,primary,100,60,60,,1,,-,Gly-data y2.csv
DCM,0.018M,01:01.5,NIS_TfOH,-40 ℃,STol,b,N3,equatorial,OBn,OBn,equatorial,OBn,270,-,-,-,-,-,-,1_OH,Secondary,1.36,55,55,,1,,-,Gly-data y2.csv
DCM,0.018M,01:01.5,NIS_TfOH,-40 ℃,STol,b,OBn,equatorial,OBn,OBn,equatorial,OBn,2656,-,-,-,-,-,-,1_OH,Secondary,1.36,90,90,,1,,-,Gly-data y2.csv
DCM,0.018M,01:01.5,NIS_TfOH,-40 ℃,STol,b,OBn,equatorial,OBn,OBn,axial,CH3,72000,-,-,-,-,-,-,1_OH,Secondary,1.36,97,97,,1,,-,Gly-data y2.csv
DCM,0.018M,01:01.5,NIS_TfOH,-40 ℃,STol,a,H,equatorial,OBn,OBn,equatorial,OBn,1000000,-,-,-,-,-,-,1_OH,Secondary,1.36,60,60,,1,,-,Gly-data y2.csv
DCM,0.167M,01:00.7,NIS_TfOH,-40 ℃,STol,b,N3,equatorial,OBn,OBn,equatorial,OBn,270,-,-,-,-,-,-,1_OH,primary,100,30,30,,1,,-,Gly-data y2.csv
DCM,0.167M,01:00.7,NIS_TfOH,-40 ℃,STol,b,OBn,equatorial,OBn,OBn,equatorial,OBn,2656,-,-,-,-,-,-,1_OH,primary,100,52,52,,1,,-,Gly-data y2.csv
DCM,0.167M,01:00.7,NIS_TfOH,-40 ℃,STol,b,OBn,equatorial,OBn,OBn,axial,CH3,72000,-,-,-,-,-,-,1_OH,primary,100,50,50,,1,,-,Gly-data y2.csv
DCM,0.167M,01:00.7,NIS_TfOH,-40 ℃,STol,a,H,equatorial,OBn,OBn,equatorial,OBn,1000000,-,-,-,-,-,-,1_OH,primary,100,66,66,,1,,-,Gly-data y2.csv
DCM,0.167M,01:00.7,NIS_TfOH,-40 ℃,STol,b,N3,equatorial,OBn,OBn,equatorial,OBn,270,-,-,-,-,-,-,1_OH,Secondary,1.36,35,35,,1,,-,Gly-data y2.csv
DCM,0.167M,01:00.7,NIS_TfOH,-40 ℃,STol,b,OBn,equatorial,OBn,OBn,equatorial,OBn,2656,-,-,-,-,-,-,1_OH,Secondary,1.36,68,68,,1,,-,Gly-data y2.csv
DCM,0.167M,01:00.7,NIS_TfOH,-40 ℃,STol,b,OBn,equatorial,OBn,OBn,axial,CH3,72000,-,-,-,-,-,-,1_OH,Secondary,1.36,53,53,,1,,-,Gly-data y2.csv
DCM,0.167M,01:00.7,NIS_TfOH,-40 ℃,STol,a,H,equatorial,OBn,OBn,equatorial,OBn,1000000,-,-,-,-,-,-,1_OH,Secondary,1.36,37,37,,1,,-,Gly-data y2.csv
DCM,0.167M,01:00.7,NIS_TfOH,-40 ℃,STol,b,N3,equatorial,OBn,OBn,equatorial,OBn,270,OMe,a,OBn,OBn,OH,OBn,4_OH,secondary,3.51,83,83,,4,,OBn,Gly-data y2.csv
DCM,0.167M,01:00.7,NIS_TfOH,-40 ℃,STol,b,OBn,equatorial,OBn,OBn,equatorial,OBn,2656,OMe,a,OBn,OBn,OH,OBn,4_OH,secondary,3.51,78,78,,4,,OBn,Gly-data y2.csv
DCM,0.167M,01:00.7,NIS_TfOH,-40 ℃,STol,b,OBn,equatorial,OBn,OBn,axial,CH3,72000,OMe,a,OBn,OBn,OH,OBn,4_OH,secondary,3.51,65,65,,4,,OBn,Gly-data y2.csv
DCM,0.167M,01:00.7,NIS_TfOH,-40 ℃,STol,a,H,equatorial,OBn,OBn,equatorial,OBn,1000000,OMe,a,OBn,OBn,OH,OBn,4_OH,secondary,3.51,80,80,,4,,OBn,Gly-data y2.csv
DCM,0.167M,01:00.7,NIS_TfOH,-40 ℃,STol,b,N3,equatorial,OBn,OBn,equatorial,OBn,270,OMe,a,OBn,OBn,OBn,OH,6_OH,primary,7.16,75,75,,6,,OH,Gly-data y2.csv
DCM,0.167M,01:00.7,NIS_TfOH,-40 ℃,STol,b,OBn,equatorial,OBn,OBn,equatorial,OBn,2656,OMe,a,OBn,OBn,OBn,OH,6_OH,primary,7.16,75,75,,6,,OH,Gly-data y2.csv
DCM,0.167M,01:00.7,NIS_TfOH,-40 ℃,STol,b,OBn,equatorial,OBn,OBn,axial,CH3,72000,OMe,a,OBn,OBn,OBn,OH,6_OH,primary,7.16,66,66,,6,,OH,Gly-data y2.csv
DCM,0.167M,01:00.7,NIS_TfOH,-40 ℃,STol,a,H,equatorial,OBn,OBn,equatorial,OBn,1000000,OMe,a,OBn,OBn,OBn,OH,6_OH,primary,7.16,71,71,,6,,OH,Gly-data y2.csv
DCM,0.167M,01:00.7,NIS_TfOH,-40 ℃,STol,b,N3,equatorial,OBn,OBn,equatorial,OBn,270,OMe,a,OBn,OBn,OH,OBn,4_OH,secondary,1,75,75,,4,,OBn,Gly-data y2.csv
DCM,0.167M,01:00.7,NIS_TfOH,-40 ℃,STol,b,OBn,equatorial,OBn,OBn,equatorial,OBn,2656,OMe,a,OBn,OBn,OH,OBn,4_OH,secondary,1,50,50,,4,,OBn,Gly-data y2.csv
DCM,0.167M,01:00.7,NIS_TfOH,-40 ℃,STol,b,OBn,equatorial,OBn,OBn,axial,CH3,72000,OMe,a,OBn,OBn,OH,OBn,4_OH,secondary,1,75,75,,4,,OBn,Gly-data y2.csv
DCM,0.167M,01:00.7,NIS_TfOH,-40 ℃,STol,a,H,equatorial,OBn,OBn,equatorial,OBn,1000000,OMe,a,OBn,OBn,OH,OBn,4_OH,secondary,1,52,52,,4,,OBn,Gly-data y2.csv
DCM,0.167M,01:01.5,NIS_TfOH,-40 ℃,STol,b,N3,equatorial,OBn,OBn,equatorial,OBn,270,OMe,a,OBn,OBn,OBn,OH,6_OH,primary,7.16,78,78,,6,,OH,Gly-data y2.csv
DCM,0.167M,01:01.5,NIS_TfOH,-40 ℃,STol,b,OBn,equatorial,OBn,OBn,equatorial,OBn,2656,OMe,a,OBn,OBn,OBn,OH,6_OH,primary,7.16,86,86,,6,,OH,Gly-data y2.csv
DCM,0.167M,01:01.5,NIS_TfOH,-40 ℃,STol,b,OBn,equatorial,OBn,OBn,axial,CH3,72000,OMe,a,OBn,OBn,OBn,OH,6_OH,primary,7.16,91,91,,6,,OH,Gly-data y2.csv
DCM,0.167M,01:01.5,NIS_TfOH,-40 ℃,STol,a,H,equatorial,OBn,OBn,equatorial,OBn,1000000,OMe,a,OBn,OBn,OBn,OH,6_OH,primary,7.16,74,74,,6,,OH,Gly-data y2.csv
DCM,0.167M,01:01.5,NIS_TfOH,-40 ℃,STol,b,N3,equatorial,OBn,OBn,equatorial,OBn,270,OMe,a,OBn,OBn,OH,OBn,4_OH,secondary,1,62,62,,4,,OBn,Gly-data y2.csv
DCM,0.167M,01:01.5,NIS_TfOH,-40 ℃,STol,b,OBn,equatorial,OBn,OBn,equatorial,OBn,2656,OMe,a,OBn,OBn,OH,OBn,4_OH,secondary,1,52,52,,4,,OBn,Gly-data y2.csv
DCM,0.167M,01:01.5,NIS_TfOH,-40 ℃,STol,b,OBn,equatorial,OBn,OBn,axial,CH3,72000,OMe,a,OBn,OBn,OH,OBn,4_OH,secondary,1,87,87,,4,,OBn,Gly-data y2.csv
DCM,0.167M,01:01.5,NIS_TfOH,-20 ℃,STol,a,H,equatorial,OBn,OBn,equatorial,OBn,1000000,OMe,a,OBn,OBn,OH,OBn,4_OH,secondary,1,65,65,,4,,OBn,Gly-data y2.csv
DCM,0.167M,01:01.5,NIS_TfOH,-20 ℃,STol,b,N3,equatorial,OBn,OBn,equatorial,OBn,270,OMe,a,OBn,OBn,OBn,OH,6_OH,primary,7.16,85,85,,6,,OH,Gly-data y2.csv
DCM,0.167M,01:01.5,NIS_TfOH,-20 ℃,STol,b,OBn,equatorial,OBn,OBn,equatorial,OBn,2656,OMe,a,OBn,OBn,OBn,OH,6_OH,primary,7.16,70,70,,6,,OH,Gly-data y2.csv
DCM,0.167M,01:01.5,NIS_TfOH,-20 ℃,STol,b,OBn,equatorial,OBn,OBn,axial,CH3,72000,OMe,a,OBn,OBn,OBn,OH,6_OH,primary,7.16,68,68,,6,,OH,Gly-data y2.csv
DCM,0.167M,01:01.5,NIS_TfOH,-20 ℃,STol,a,H,equatorial,OBn,OBn,equatorial,OBn,1000000,OMe,a,OBn,OBn,OBn,OH,6_OH,primary,7.16,60,60,,6,,OH,Gly-data y2.csv
DCM,0.167M,01:01.5,NIS_TfOH,-20 ℃,STol,b,N3,equatorial,OBn,OBn,equatorial,OBn,270,OMe,a,OBn,OBn,OH,OBn,4_OH,secondary,1,74,74,,4,,OBn,Gly-data y2.csv
DCM,0.167M,01:01.5,NIS_TfOH,-20 ℃,STol,b,OBn,equatorial,OBn,OBn,equatorial,OBn,2656,OMe,a,OBn,OBn,OH,OBn,4_OH,secondary,1,84,84,,4,,OBn,Gly-data y2.csv
DCM,0.167M,01:01.5,NIS_TfOH,-20 ℃,STol,b,OBn,equatorial,OBn,OBn,axial,CH3,72000,OMe,a,OBn,OBn,OH,OBn,4_OH,secondary,1,83,83,,4,,OBn,Gly-data y2.csv
DCM,0.167M,01:01.5,NIS_TfOH,0 ℃,STol,a,H,equatorial,OBn,OBn,equatorial,OBn,1000000,OMe,a,OBn,OBn,OH,OBn,4_OH,secondary,1,48,48,,4,,OBn,Gly-data y2.csv
DCM,0.167M,01:01.5,NIS_TfOH,0 ℃,STol,b,N3,equatorial,OBn,OBn,equatorial,OBn,270,OMe,a,OBn,OBn,OBn,OH,6_OH,primary,7.16,80,80,,6,,OH,Gly-data y2.csv
DCM,0.167M,01:01.5,NIS_TfOH,0 ℃,STol,b,OBn,equatorial,OBn,OBn,equatorial,OBn,2656,OMe,a,OBn,OBn,OBn,OH,6_OH,primary,7.16,80,80,,6,,OH,Gly-data y2.csv
DCM,0.167M,01:01.5,NIS_TfOH,0 ℃,STol,b,OBn,equatorial,OBn,OBn,axial,CH3,72000,OMe,a,OBn,OBn,OBn,OH,6_OH,primary,7.16,68,68,,6,,OH,Gly-data y2.csv
DCM,0.167M,01:01.5,NIS_TfOH,0 ℃,STol,a,H,equatorial,OBn,OBn,equatorial,OBn,1000000,OMe,a,OBn,OBn,OBn,OH,6_OH,primary,7.16,60,60,,6,,OH,Gly-data y2.csv
DCM,0.167M,01:01.5,NIS_TfOH,0 ℃,STol,b,N3,equatorial,OBn,OBn,equatorial,OBn,270,OMe,a,OBn,OBn,OH,OBn,4_OH,secondary,1,74,74,,4,,OBn,Gly-data y2.csv
DCM,0.167M,01:01.5,NIS_TfOH,0 ℃,STol,b,OBn,equatorial,OBn,OBn,equatorial,OBn,2656,OMe,a,OBn,OBn,OH,OBn,4_OH,secondary,1,84,84,,4,,OBn,Gly-data y2.csv
DCM,0.167M,01:01.5,NIS_TfOH,0 ℃,STol,b,OBn,equatorial,OBn,OBn,axial,CH3,72000,OMe,a,OBn,OBn,OH,OBn,4_OH,secondary,1,83,83,,4,,OBn,Gly-data y2.csv
DCM,0.167M,01:01.5,NIS_TfOH,25 ℃,STol,a,H,equatorial,OBn,OBn,equatorial,OBn,1000000,OMe,a,OBn,OBn,OH,OBn,4_OH,secondary,1,84,84,,4,,OBn,Gly-data y2.csv
DCM,0.167M,01:01.5,NIS_TfOH,25 ℃,STol,b,N3,equatorial,OBn,OBn,equatorial,OBn,270,OMe,a,OBn,OBn,OBn,OH,6_OH,primary,7.16,49,49,,6,,OH,Gly-data y2.csv
DCM,0.167M,01:01.5,NIS_TfOH,25 ℃,STol,b,OBn,equatorial,OBn,OBn,equatorial,OBn,2656,OMe,a,OBn,OBn,OBn,OH,6_OH,primary,7.16,51,51,,6,,OH,Gly-data y2.csv
DCM,0.167M,01:01.5,NIS_TfOH,25 ℃,STol,b,OBn,equatorial,OBn,OBn,axial,CH3,72000,OMe,a,OBn,OBn,OBn,OH,6_OH,primary,7.16,68,68,,6,,OH,Gly-data y2.csv
DCM,0.167M,01:01.5,NIS_TfOH,25 ℃,STol,a,H,equatorial,OBn,OBn,equatorial,OBn,1000000,OMe,a,OBn,OBn,OBn,OH,6_OH,primary,7.16,60,60,,6,,OH,Gly-data y2.csv
DCM,0.167M,01:01.5,NIS_TfOH,25 ℃,STol,b,N3,equatorial,OBn,OBn,equatorial,OBn,270,OMe,a,OBn,OBn,OH,OBn,4_OH,secondary,1,50,50,,4,,OBn,Gly-data y2.csv
DCM,0.167M,01:01.5,NIS_TfOH,25 ℃,STol,b,OBn,equatorial,OBn,OBn,equatorial,OBn,2656,OMe,a,OBn,OBn,OH,OBn,4_OH,secondary,1,58,58,,4,,OBn,Gly-data y2.csv
DCM,0.167M,01:01.5,NIS_TfOH,25 ℃,STol,b,OBn,equatorial,OBn,OBn,axial,CH3,72000,OMe,a,OBn,OBn,OH,OBn,4_OH,secondary,1,48,48,,4,,OBn,Gly-data y2.csv
DCM,0.167M,01:01.5,NIS_TfOH,-40 ℃,STol,a,H,equatorial,OBn,OBn,equatorial,OBn,1000000,OMe,a,OBn,OBn,OH,OBn,4_OH,secondary,1,43,43,,4,,OBn,Gly-data y2.csv
DCM,0.167M,01:01.5,NIS_TfOH,-40 ℃,STol,a,H,equatorial,OBn,OBn,equatorial,OBn,1000000,OMe,a,OBn,OBn,OH,OBn,4_OH,secondary,1,65,65,,4,,OBn,Gly-data y2.csv
THF,0.167M,01:01.5,NIS_TfOH,-40 ℃,STol,b,N3,equatorial,OBn,OBn,equatorial,OBn,270,OMe,a,OBn,OBn,OBn,OH,6_OH,primary,7.16,28,28,,6,,OH,Gly-data y2.csv
THF,0.167M,01:01.5,NIS_TfOH,-40 ℃,STol,b,OBn,equatorial,OBn,OBn,equatorial,OBn,2656,OMe,a,OBn,OBn,OBn,OH,6_OH,primary,7.16,55,55,,6,,OH,Gly-data y2.csv
THF,0.167M,01:01.5,NIS_TfOH,-40 ℃,STol,b,OBn,equatorial,OBn,OBn,axial,CH3,72000,OMe,a,OBn,OBn,OBn,OH,6_OH,primary,7.16,87,87,,6,,OH,Gly-data y2.csv
THF,0.167M,01:01.5,NIS_TfOH,-40 ℃,STol,a,H,equatorial,OBn,OBn,equatorial,OBn,1000000,OMe,a,OBn,OBn,OBn,OH,6_OH,primary,7.16,58,58,,6,,OH,Gly-data y2.csv
THF,0.167M,01:01.5,NIS_TfOH,-40 ℃,STol,b,N3,equatorial,OBn,OBn,equatorial,OBn,270,OMe,a,OBn,OBn,OH,OBn,4_OH,secondary,1,33,33,,4,,OBn,Gly-data y2.csv
THF,0.167M,01:01.5,NIS_TfOH,-40 ℃,STol,b,OBn,equatorial,OBn,OBn,equatorial,OBn,2656,OMe,a,OBn,OBn,OH,OBn,4_OH,secondary,1,49,49,,4,,OBn,Gly-data y2.csv
THF,0.167M,01:01.5,NIS_TfOH,-40 ℃,STol,b,OBn,equatorial,OBn,OBn,axial,CH3,72000,OMe,a,OBn,OBn,OH,OBn,4_OH,secondary,1,89,89,,4,,OBn,Gly-data y2.csv
THF,0.167M,01:01.5,NIS_TfOH,-40 ℃,STol,a,H,equatorial,OBn,OBn,equatorial,OBn,1000000,OMe,a,OBn,OBn,OH,OBn,4_OH,secondary,1,68,68,,4,,OBn,Gly-data y2.csv
Toluene,0.167M,01:01.5,NIS_TfOH,-40 ℃,STol,b,N3,equatorial,OBn,OBn,equatorial,OBn,270,OMe,a,OBn,OBn,OBn,OH,6_OH,primary,7.16,22,22,,6,,OH,Gly-data y2.csv
Toluene,0.167M,01:01.5,NIS_TfOH,-40 ℃,STol,b,OBn,equatorial,OBn,OBn,equatorial,OBn,2656,OMe,a,OBn,OBn,OBn,OH,6_OH,primary,7.16,85,85,,6,,OH,Gly-data y2.csv
Toluene,0.167M,01:01.5,NIS_TfOH,-40 ℃,STol,b,OBn,equatorial,OBn,OBn,axial,CH3,72000,OMe,a,OBn,OBn,OBn,OH,6_OH,primary,7.16,60,60,,6,,OH,Gly-data y2.csv
Toluene,0.167M,01:01.5,NIS_TfOH,-40 ℃,STol,a,H,equatorial,OBn,OBn,equatorial,OBn,1000000,OMe,a,OBn,OBn,OBn,OH,6_OH,primary,7.16,60,60,,6,,OH,Gly-data y2.csv
Toluene,0.167M,01:01.5,NIS_TfOH,-40 ℃,STol,b,N3,equatorial,OBn,OBn,equatorial,OBn,270,OMe,a,OBn,OBn,OH,OBn,4_OH,secondary,1,23,23,,4,,OBn,Gly-data y2.csv
Toluene,0.167M,01:01.5,NIS_TfOH,-40 ℃,STol,b,OBn,equatorial,OBn,OBn,equatorial,OBn,2656,OMe,a,OBn,OBn,OH,OBn,4_OH,secondary,1,47,47,,4,,OBn,Gly-data y2.csv
Toluene,0.167M,01:01.5,NIS_TfOH,-40 ℃,STol,b,OBn,equatorial,OBn,OBn,axial,CH3,72000,OMe,a,OBn,OBn,OH,OBn,4_OH,secondary,1,80,80,,4,,OBn,Gly-data y2.csv
Toluene,0.167M,01:01.5,NIS_TfOH,-40 ℃,STol,a,H,equatorial,OBn,OBn,equatorial,OBn,1000000,OMe,a,OBn,OBn,OH,OBn,4_OH,secondary,1,43,43,,4,,OBn,Gly-data y2.csv
DCM/ACN,0.167M,01:01.5,NIS_TfOH,-40 ℃,STol,b,N3,equatorial,OBn,OBn,equatorial,OBn,270,OMe,a,OBn,OBn,OBn,OH,6_OH,primary,7.16,94,94,,6,,OH,Gly-data y2.csv
DCM/ACN,0.167M,01:01.5,NIS_TfOH,-40 ℃,STol,b,OBn,equatorial,OBn,OBn,equatorial,OBn,2656,OMe,a,OBn,OBn,OBn,OH,6_OH,primary,7.16,85,85,,6,,OH,Gly-data y2.csv
DCM/ACN,0.167M,01:01.5,NIS_TfOH,-40 ℃,STol,b,OBn,equatorial,OBn,OBn,axial,CH3,72000,OMe,a,OBn,OBn,OBn,OH,6_OH,primary,7.16,84,84,,6,,OH,Gly-data y2.csv
DCM/ACN,0.167M,01:01.5,NIS_TfOH,-40 ℃,STol,a,H,equatorial,OBn,OBn,equatorial,OBn,1000000,OMe,a,OBn,OBn,OBn,OH,6_OH,primary,7.16,68,68,,6,,OH,Gly-data y2.csv
DCM/ACN,0.167M,01:01.5,NIS_TfOH,-40 ℃,STol,b,N3,equatorial,OBn,OBn,equatorial,OBn,270,OMe,a,OBn,OBn,OH,OBn,4_OH,secondary,1,87,87,,4,,OBn,Gly-data y2.csv
DCM/ACN,0.167M,01:01.5,NIS_TfOH,-40 ℃,STol,b,OBn,equatorial,OBn,OBn,equatorial,OBn,2656,OMe,a,OBn,OBn,OH,OBn,4_OH,secondary,1,96,96,,4,,OBn,Gly-data y2.csv
DCM/ACN,0.167M,01:01.5,NIS_TfOH,-40 ℃,STol,b,OBn,equatorial,OBn,OBn,axial,CH3,72000,OMe,a,OBn,OBn,OH,OBn,4_OH,secondary,1,91,91,,4,,OBn,Gly-data y2.csv
DCM/ACN,0.167M,01:01.5,NIS_TfOH,-40 ℃,STol,a,H,equatorial,OBn,OBn,equatorial,OBn,1000000,OMe,a,OBn,OBn,OH,OBn,4_OH,secondary,1,45,45,,4,,OBn,Gly-data y2.csv
DCM/DMF,0.167M,01:01.5,NIS_TfOH,-40 ℃,STol,b,N3,equatorial,OBn,OBn,equatorial,OBn,270,OMe,a,OBn,OBn,OBn,OH,6_OH,primary,7.16,23,23,,6,,OH,Gly-data y2.csv
DCM/DMF,0.167M,01:01.5,NIS_TfOH,-40 ℃,STol,b,OBn,equatorial,OBn,OBn,equatorial,OBn,2656,OMe,a,OBn,OBn,OBn,OH,6_OH,primary,7.16,40,40,,6,,OH,Gly-data y2.csv
DCM/DMF,0.167M,01:01.5,NIS_TfOH,-40 ℃,STol,b,OBn,equatorial,OBn,OBn,axial,CH3,72000,OMe,a,OBn,OBn,OBn,OH,6_OH,primary,7.16,87,87,,6,,OH,Gly-data y2.csv
DCM/DMF,0.167M,01:01.5,NIS_TfOH,-40 ℃,STol,a,H,equatorial,OBn,OBn,equatorial,OBn,1000000,OMe,a,OBn,OBn,OBn,OH,6_OH,primary,7.16,68,68,,6,,OH,Gly-data y2.csv
DCM/DMF,0.167M,01:01.5,NIS_TfOH,-40 ℃,STol,b,N3,equatorial,OBn,OBn,equatorial,OBn,270,OMe,a,OBn,OBn,OH,OBn,4_OH,secondary,1,38,38,,4,,OBn,Gly-data y2.csv
DCM/DMF,0.167M,01:01.5,NIS_TfOH,-40 ℃,STol,b,OBn,equatorial,OBn,OBn,equatorial,OBn,2656,OMe,a,OBn,OBn,OH,OBn,4_OH,secondary,1,63,63,,4,,OBn,Gly-data y2.csv
DCM/DMF,0.167M,01:01.5,NIS_TfOH,-40 ℃,STol,b,OBn,equatorial,OBn,OBn,axial,CH3,72000,OMe,a,OBn,OBn,OH,OBn,4_OH,secondary,1,50,50,,4,,OBn,Gly-data y2.csv
DCM/DMF,0.167M,01:01.5,NIS_TfOH,-40 ℃,STol,a,H,equatorial,OBn,OBn,equatorial,OBn,1000000,OMe,a,OBn,OBn,OH,OBn,4_OH,secondary,1,38,38,,4,,OBn,Gly-data y2.csv
DCM/p-Dioxane,0.167M,01:01.5,NIS_TfOH,-40 ℃,STol,b,N3,equatorial,OBn,OBn,equatorial,OBn,270,OMe,a,OBn,OBn,OBn,OH,6_OH,primary,7.16,52,52,,6,,OH,Gly-data y2.csv
DCM/p-Dioxane,0.167M,01:01.5,NIS_TfOH,-40 ℃,STol,b,OBn,equatorial,OBn,OBn,equatorial,OBn,2656,OMe,a,OBn,OBn,OBn,OH,6_OH,primary,7.16,63,63,,6,,OH,Gly-data y2.csv
DCM/p-Dioxane,0.167M,01:01.5,NIS_TfOH,-40 ℃,STol,b,OBn,equatorial,OBn,OBn,axial,CH3,72000,OMe,a,OBn,OBn,OBn,OH,6_OH,primary,7.16,77,77,,6,,OH,Gly-data y2.csv
DCM/p-Dioxane,0.167M,01:01.5,NIS_TfOH,-40 ℃,STol,a,H,equatorial,OBn,OBn,equatorial,OBn,1000000,OMe,a,OBn,OBn,OBn,OH,6_OH,primary,7.16,55,55,,6,,OH,Gly-data y2.csv
DCM/p-Dioxane,0.167M,01:01.5,NIS_TfOH,-40 ℃,STol,b,N3,equatorial,OBn,OBn,equatorial,OBn,270,OMe,a,OBn,OBn,OH,OBn,4_OH,secondary,1,55,55,,4,,OBn,Gly-data y2.csv
DCM/p-Dioxane,0.167M,01:01.5,NIS_TfOH,-40 ℃,STol,b,OBn,equatorial,OBn,OBn,equatorial,OBn,2656,OMe,a,OBn,OBn,OH,OBn,4_OH,secondary,1,68,68,,4,,OBn,Gly-data y2.csv
DCM/p-Dioxane,0.167M,01:01.5,NIS_TfOH,-40 ℃,STol,b,OBn,equatorial,OBn,OBn,axial,CH3,72000,OMe,a,OBn,OBn,OH,OBn,4_OH,secondary,1,82,82,,4,,OBn,Gly-data y2.csv
DCM/p-Dioxane,0.167M,01:01.5,NIS_TfOH,-40 ℃,STol,a,H,equatorial,OBn,OBn,equatorial,OBn,1000000,OMe,a,OBn,OBn,OH,OBn,4_OH,secondary,1,32,32,,4,,OBn,Gly-data y2.csv
DCM,0.308M,01:01.5,NIS_TfOH,-40 ℃,STol,b,N3,equatorial,OBn,OBn,equatorial,OBn,270,OMe,a,OBn,OBn,OBn,OH,6_OH,primary,7.16,76,76,,6,,OH,Gly-data y2.csv
DCM,0.308M,01:01.5,NIS_TfOH,-40 ℃,STol,b,OBn,equatorial,OBn,OBn,equatorial,OBn,2656,OMe,a,OBn,OBn,OBn,OH,6_OH,primary,7.16,62,62,,6,,OH,Gly-data y2.csv
DCM,0.308M,01:01.5,NIS_TfOH,-40 ℃,STol,b,OBn,equatorial,OBn,OBn,axial,CH3,72000,OMe,a,OBn,OBn,OBn,OH,6_OH,primary,7.16,87,87,,6,,OH,Gly-data y2.csv
DCM,0.308M,01:01.5,NIS_TfOH,-40 ℃,STol,a,H,equatorial,OBn,OBn,equatorial,OBn,1000000,OMe,a,OBn,OBn,OBn,OH,6_OH,primary,7.16,63,63,,6,,OH,Gly-data y2.csv
DCM,0.308M,01:01.5,NIS_TfOH,-40 ℃,STol,b,N3,equatorial,OBn,OBn,equatorial,OBn,270,OMe,a,OBn,OBn,OH,OBn,4_OH,secondary,1,82,82,,4,,OBn,Gly-data y2.csv
DCM,0.308M,01:01.5,NIS_TfOH,-40 ℃,STol,b,OBn,equatorial,OBn,OBn,equatorial,OBn,2656,OMe,a,OBn,OBn,OH,OBn,4_OH,secondary,1,81,81,,4,,OBn,Gly-data y2.csv
DCM,0.308M,01:01.5,NIS_TfOH,-40 ℃,STol,b,OBn,equatorial,OBn,OBn,axial,CH3,72000,OMe,a,OBn,OBn,OH,OBn,4_OH,secondary,1,89,89,,4,,OBn,Gly-data y2.csv
DCM,0.308M,01:01.5,NIS_TfOH,-40 ℃,STol,a,H,equatorial,OBn,OBn,equatorial,OBn,1000000,OMe,a,OBn,OBn,OH,OBn,4_OH,secondary,1,60,60,,4,,OBn,Gly-data y2.csv
DCM,0.051M,01:01.5,NIS_TfOH,-40 ℃,STol,b,N3,equatorial,OBn,OBn,equatorial,OBn,270,OMe,a,OBn,OBn,OBn,OH,6_OH,primary,7.16,72,72,,6,,OH,Gly-data y2.csv
DCM,0.051M,01:01.5,NIS_TfOH,-40 ℃,STol,b,OBn,equatorial,OBn,OBn,equatorial,OBn,2656,OMe,a,OBn,OBn,OBn,OH,6_OH,primary,7.16,65,65,,6,,OH,Gly-data y2.csv
DCM,0.051M,01:01.5,NIS_TfOH,-40 ℃,STol,b,OBn,equatorial,OBn,OBn,axial,CH3,72000,OMe,a,OBn,OBn,OBn,OH,6_OH,primary,7.16,78,78,,6,,OH,Gly-data y2.csv
DCM,0.051M,01:01.5,NIS_TfOH,-40 ℃,STol,a,H,equatorial,OBn,OBn,equatorial,OBn,1000000,OMe,a,OBn,OBn,OBn,OH,6_OH,primary,7.16,65,65,,6,,OH,Gly-data y2.csv
DCM,0.051M,01:01.5,NIS_TfOH,-40 ℃,STol,b,N3,equatorial,OBn,OBn,equatorial,OBn,270,OMe,a,OBn,OBn,OH,OBn,4_OH,secondary,1,72,72,,4,,OBn,Gly-data y2.csv
DCM,0.051M,01:01.5,NIS_TfOH,-40 ℃,STol,b,OBn,equatorial,OBn,OBn,equatorial,OBn,2656,OMe,a,OBn,OBn,OH,OBn,4_OH,secondary,1,76,76,,4,,OBn,Gly-data y2.csv
DCM,0.051M,01:01.5,NIS_TfOH,-40 ℃,STol,b,OBn,equatorial,OBn,OBn,axial,CH3,72000,OMe,a,OBn,OBn,OH,OBn,4_OH,secondary,1,85,85,,4,,OBn,Gly-data y2.csv
DCM,0.051M,01:01.5,NIS_TfOH,-40 ℃,STol,a,H,equatorial,OBn,OBn,equatorial,OBn,1000000,OMe,a,OBn,OBn,OH,OBn,4_OH,secondary,1,58,58,,4,,OBn,Gly-data y2.csv
DCM,0.036M,01:01.5,NIS_TfOH,-40 ℃,STol,b,N3,equatorial,OBn,OBn,equatorial,OBn,270,OMe,a,OBn,OBn,OBn,OH,6_OH,primary,7.16,68,68,,6,,OH,Gly-data y2.csv
DCM,0.036M,01:01.5,NIS_TfOH,-40 ℃,STol,b,OBn,equatorial,OBn,OBn,equatorial,OBn,2656,OMe,a,OBn,OBn,OBn,OH,6_OH,primary,7.16,61,61,,6,,OH,Gly-data y2.csv
DCM,0.036M,01:01.5,NIS_TfOH,-40 ℃,STol,b,OBn,equatorial,OBn,OBn,axial,CH3,72000,OMe,a,OBn,OBn,OBn,OH,6_OH,primary,7.16,74,74,,6,,OH,Gly-data y2.csv
DCM,0.036M,01:01.5,NIS_TfOH,-40 ℃,STol,a,H,equatorial,OBn,OBn,equatorial,OBn,1000000,OMe,a,OBn,OBn,OBn,OH,6_OH,primary,7.16,69,69,,6,,OH,Gly-data y2.csv
DCM,0.036M,01:01.5,NIS_TfOH,-40 ℃,STol,b,N3,equatorial,OBn,OBn,equatorial,OBn,270,OMe,a,OBn,OBn,OH,OBn,4_OH,secondary,1,70,70,,4,,OBn,Gly-data y2.csv
DCM,0.036M,01:01.5,NIS_TfOH,-40 ℃,STol,b,OBn,equatorial,OBn,OBn,equatorial,OBn,2656,OMe,a,OBn,OBn,OH,OBn,4_OH,secondary,1,61,61,,4,,OBn,Gly-data y2.csv
DCM,0.036M,01:01.5,NIS_TfOH,-40 ℃,STol,b,OBn,equatorial,OBn,OBn,axial,CH3,72000,OMe,a,OBn,OBn,OH,OBn,4_OH,secondary,1,85,85,,4,,OBn,Gly-data y2.csv
DCM,0.036M,01:01.5,NIS_TfOH,-40 ℃,STol,a,H,equatorial,OBn,OBn,equatorial,OBn,1000000,OMe,a,OBn,OBn,OH,OBn,4_OH,secondary,1,62,62,,4,,OBn,Gly-data y2.csv
DCM,0.018M,01:01.5,NIS_TfOH,-40 ℃,STol,b,N3,equatorial,OBn,OBn,equatorial,OBn,270,OMe,a,OBn,OBn,OBn,OH,6_OH,primary,7.16,53,53,,6,,OH,Gly-data y2.csv
DCM,0.018M,01:01.5,NIS_TfOH,-40 ℃,STol,b,OBn,equatorial,OBn,OBn,equatorial,OBn,2656,OMe,a,OBn,OBn,OBn,OH,6_OH,primary,7.16,47,47,,6,,OH,Gly-data y2.csv
DCM,0.018M,01:01.5,NIS_TfOH,-40 ℃,STol,b,OBn,equatorial,OBn,OBn,axial,CH3,72000,OMe,a,OBn,OBn,OBn,OH,6_OH,primary,7.16,60,60,,6,,OH,Gly-data y2.csv
DCM,0.018M,01:01.5,NIS_TfOH,-40 ℃,STol,a,H,equatorial,OBn,OBn,equatorial,OBn,1000000,OMe,a,OBn,OBn,OBn,OH,6_OH,primary,7.16,45,45,,6,,OH,Gly-data y2.csv
DCM,0.018M,01:01.5,NIS_TfOH,-40 ℃,STol,b,N3,equatorial,OBn,OBn,equatorial,OBn,270,OMe,a,OBn,OBn,OH,OBn,4_OH,secondary,1,68,68,,4,,OBn,Gly-data y2.csv
DCM,0.018M,01:01.5,NIS_TfOH,-40 ℃,STol,b,OBn,equatorial,OBn,OBn,equatorial,OBn,2656,OMe,a,OBn,OBn,OH,OBn,4_OH,secondary,1,65,65,,4,,OBn,Gly-data y2.csv
DCM,0.018M,01:01.5,NIS_TfOH,-40 ℃,STol,b,OBn,equatorial,OBn,OBn,axial,CH3,72000,OMe,a,OBn,OBn,OH,OBn,4_OH,secondary,1,80,80,,4,,OBn,Gly-data y2.csv
DCM,0.018M,01:01.5,NIS_TfOH,-40 ℃,STol,a,H,equatorial,OBn,OBn,equatorial,OBn,1000000,OMe,a,OBn,OBn,OH,OBn,4_OH,secondary,1,55,55,,4,,OBn,Gly-data y2.csv
STol,b,N3,equatorial,OBn,4_6_OCHPh,equatorial,4_6_OCHPh,5.6,-,-,-,-,-,-,1_OH,primary,100,-40,DCM,0.167M,01:01.5,TolSCl_AgOTf,0.05,0.05,-40,0.167,1.5,DCM,glyML_data_OutofSample.csv
STol,b,N3,equatorial,OBn,4_6_OCHPh,equatorial,4_6_OCHPh,5.6,-,-,-,-,-,-,1_OH,primary,100,-40,DCM,0.167M,01:01.5,NIS_TfOH,0.05,0.05,-40,0.167,1.5,DCM,glyML_data_OutofSample.csv
imidate,a,N3,equatorial,OBn,4_6_OCHPh,equatorial,4_6_OCHPh,5.6,-,-,-,-,-,-,1_OH,primary,100,-40,DCM,0.167M,01:01.5,TMSOTf,0.05,0.05,-40,0.167,1.5,DCM,glyML_data_OutofSample.csv
STol,b,N3,equatorial,OBn,4_6_OCHPh,equatorial,4_6_OCHPh,5.6,-,-,-,-,-,-,1_OH,primary,17,-40,DCM,0.167M,01:01.5,TolSCl_AgOTf,0,0,-40,0.167,1.5,DCM,glyML_data_OutofSample.csv
STol,b,N3,equatorial,OBn,4_6_OCHPh,equatorial,4_6_OCHPh,5.6,-,-,-,-,-,-,1_OH,primary,17,-40,DCM,0.167M,01:01.5,NIS_TfOH,0,0,-40,0.167,1.5,DCM,glyML_data_OutofSample.csv
STol,b,N3,equatorial,OBn,4_6_OCHPh,equatorial,4_6_OCHPh,5.6,OMe,a,OBn,OBn,OBn,OH,6_OH,primary,7.16,-40,DCM,0.167M,01:01.5,TolSCl_AgOTf,0.1,0.1,-40,0.167,1.5,DCM,glyML_data_OutofSample.csv
STol,b,N3,equatorial,OBn,4_6_OCHPh,equatorial,4_6_OCHPh,5.6,OMe,a,OBn,OBn,OBn,OH,6_OH,primary,7.16,-40,DCM,0.167M,01:01.5,NIS_TfOH,0.14,0.14,-40,0.167,1.5,DCM,glyML_data_OutofSample.csv
imidate,a,N3,equatorial,OBn,4_6_OCHPh,equatorial,4_6_OCHPh,5.6,OMe,a,OBn,OBn,OBn,OH,6_OH,primary,7.16,-40,DCM,0.167M,01:01.5,TMSOTf,0.13,0.13,-40,0.167,1.5,DCM,glyML_data_OutofSample.csv
STol,b,N3,equatorial,OBn,4_6_OCHPh,equatorial,4_6_OCHPh,5.6,OMe,a,OBn,OBn,OH,OBn,4_OH,secondary,3.51,-40,DCM,0.167M,01:01.5,TolSCl_AgOTf,0.15,0.15,-40,0.167,1.5,DCM,glyML_data_OutofSample.csv
STol,b,N3,equatorial,OBn,4_6_OCHPh,equatorial,4_6_OCHPh,5.6,OMe,a,OBn,OBn,OH,OBn,4_OH,secondary,3.51,-40,DCM,0.167M,01:01.5,NIS_TfOH,0.2,0.2,-40,0.167,1.5,DCM,glyML_data_OutofSample.csv
imidate,a,N3,equatorial,OBn,4_6_OCHPh,equatorial,4_6_OCHPh,5.6,OMe,a,OBn,OBn,OH,OBn,4_OH,secondary,3.51,-40,DCM,0.167M,01:01.5,TMSOTf,0.25,0.25,-40,0.167,1.5,DCM,glyML_data_OutofSample.csv
STol,b,N3,equatorial,OBn,4_6_OCHPh,equatorial,4_6_OCHPh,5.6,OMe,a,OBn,OH,4_6_OCHPh,4_6_OCHPh,3_OH,secondary,1.88,-40,DCM,0.167M,01:01.5,NIS_TfOH,0.25,0.25,-40,0.167,1.5,DCM,glyML_data_OutofSample.csv
imidate,a,N3,equatorial,OBn,4_6_OCHPh,equatorial,4_6_OCHPh,5.6,OMe,a,OBn,OH,4_6_OCHPh,4_6_OCHPh,3_OH,secondary,1.88,-40,DCM,0.167M,01:01.5,TMSOTf,0.45,0.45,-40,0.167,1.5,DCM,glyML_data_OutofSample.csv
STol,b,N3,equatorial,OBz,4_6_OCHPh,equatorial,4_6_OCHPh,18.6,-,-,-,-,-,-,1_OH,primary,100,-40,DCM,0.167M,01:01.5,NIS_TfOH,0.1,0.1,-40,0.167,1.5,DCM,glyML_data_OutofSample.csv
STol,b,N3,equatorial,OBz,4_6_OCHPh,equatorial,4_6_OCHPh,18.6,OMe,a,OBn,OBn,OBn,OH,6_OH,primary,7.16,-40,DCM,0.167M,01:01.5,TolSCl_AgOTf,0.1,0.1,-40,0.167,1.5,DCM,glyML_data_OutofSample.csv
STol,b,N3,equatorial,OBz,4_6_OCHPh,equatorial,4_6_OCHPh,18.6,OMe,a,OBn,OBn,OBn,OH,6_OH,primary,7.16,-40,DCM,0.167M,01:01.5,NIS_TfOH,0.2,0.2,-40,0.167,1.5,DCM,glyML_data_OutofSample.csv
STol,b,N3,equatorial,OBz,4_6_OCHPh,equatorial,4_6_OCHPh,18.6,OMe,a,OBn,OBn,OH,OBn,4_OH,secondary,3.51,-40,DCM,0.167M,01:01.5,TolSCl_AgOTf,0.14,0.14,-40,0.167,1.5,DCM,glyML_data_OutofSample.csv
STol,b,N3,equatorial,OBz,4_6_OCHPh,equatorial,4_6_OCHPh,18.6,OMe,a,OBn,OBn,OH,OBn,4_OH,secondary,3.51,-40,DCM,0.167M,01:01.5,NIS_TfOH,0.2,0.2,-40,0.167,1.5,DCM,glyML_data_OutofSample.csv
STol,b,N3,equatorial,OBz,4_6_OCHPh,equatorial,4_6_OCHPh,18.6,OMe,a,OBn,OH,4_6_OCHPh,4_6_OCHPh,3_OH,secondary,1.88,-40,DCM,0.167M,01:01.5,NIS_TfOH,0.29,0.29,-40,0.167,1.5,DCM,glyML_data_OutofSample.csv
STol,b,N3,equatorial,OBn,OBn,equatorial,OBn,270,-,-,-,-,-,-,1_OH,secondary,126,-40,DCM,0.167M,01:01.5,TolSCl_AgOTf,0,0,-40,0.167,1.5,DCM,glyML_data_OutofSample.csv
STol,b,N3,equatorial,OBn,OBn,equatorial,OBn,270,-,-,-,-,-,-,1_OH,secondary,126,-40,DCM,0.167M,01:01.5,NIS_TfOH,0,0,-40,0.167,1.5,DCM,glyML_data_OutofSample.csv
imidate,a,N3,equatorial,OBn,OBn,equatorial,OBn,270,-,-,-,-,-,-,1_OH,secondary,126,-40,DCM,0.167M,01:01.5,TMSOTf,0,0,-40,0.167,1.5,DCM,glyML_data_OutofSample.csv
STol,b,N3,equatorial,OBn,OBn,equatorial,OBn,270,-,-,-,-,-,-,1_OH,primary,100,-40,DCM,0.167M,01:01.5,TolSCl_AgOTf,0,0,-40,0.167,1.5,DCM,glyML_data_OutofSample.csv
STol,b,N3,equatorial,OBn,OBn,equatorial,OBn,270,-,-,-,-,-,-,1_OH,primary,100,-40,DCM,0.167M,01:01.5,NIS_TfOH,0,0,-40,0.167,1.5,DCM,glyML_data_OutofSample.csv
imidate,a,N3,equatorial,OBn,OBn,equatorial,OBn,270,-,-,-,-,-,-,1_OH,primary,100,-40,DCM,0.167M,01:01.5,TMSOTf,0,0,-40,0.167,1.5,DCM,glyML_data_OutofSample.csv
STol,b,N3,equatorial,OBn,OBn,equatorial,OBn,270,-,-,-,-,-,-,1_OH,tertiary,80,-40,DCM,0.167M,01:01.5,TolSCl_AgOTf,0,0,-40,0.167,1.5,DCM,glyML_data_OutofSample.csv
STol,b,N3,equatorial,OBn,OBn,equatorial,OBn,270,-,-,-,-,-,-,1_OH,tertiary,80,-40,DCM,0.167M,01:01.5,NIS_TfOH,0,0,-40,0.167,1.5,DCM,glyML_data_OutofSample.csv
imidate,a,N3,equatorial,OBn,OBn,equatorial,OBn,270,-,-,-,-,-,-,1_OH,tertiary,80,-40,DCM,0.167M,01:01.5,TMSOTf,0,0,-40,0.167,1.5,DCM,glyML_data_OutofSample.csv
STol,b,N3,equatorial,OBn,OBn,equatorial,OBn,270,-,-,-,-,-,-,1_OH,primary,14,-40,DCM,0.167M,01:01.5,TolSCl_AgOTf,0.1,0.1,-40,0.167,1.5,DCM,glyML_data_OutofSample.csv
STol,b,N3,equatorial,OBn,OBn,equatorial,OBn,270,-,-,-,-,-,-,1_OH,primary,14,-40,DCM,0.167M,01:01.5,NIS_TfOH,0.1,0.1,-40,0.167,1.5,DCM,glyML_data_OutofSample.csv
imidate,a,N3,equatorial,OBn,OBn,equatorial,OBn,270,-,-,-,-,-,-,1_OH,primary,14,-40,DCM,0.167M,01:01.5,TMSOTf,0,0,-40,0.167,1.5,DCM,glyML_data_OutofSample.csv
STol,b,N3,equatorial,OBn,OBn,equatorial,OBn,270,OMe,a,OBn,OBn,OBn,OH,6_OH,primary,7.16,-40,DCM,0.167M,01:01.5,TolSCl_AgOTf,0.1,0.1,-40,0.167,1.5,DCM,glyML_data_OutofSample.csv
STol,b,N3,equatorial,OBn,OBn,equatorial,OBn,270,OMe,a,OBn,OBn,OBn,OH,6_OH,primary,7.16,-40,DCM,0.167M,01:01.5,NIS_TfOH,0.2,0.2,-40,0.167,1.5,DCM,glyML_data_OutofSample.csv
imidate,a,N3,equatorial,OBn,OBn,equatorial,OBn,270,OMe,a,OBn,OBn,OBn,OH,6_OH,primary,7.16,-40,DCM,0.167M,01:01.5,TMSOTf,0,0,-40,0.167,1.5,DCM,glyML_data_OutofSample.csv
STol,b,N3,equatorial,OBn,OBn,equatorial,OBn,270,1_2_acetonide,a,1_2_acetonide,3_4_acetonide,3_4_acetonide,OH,6_OH,primary,6.53,-40,DCM,0.167M,01:01.5,TolSCl_AgOTf,0.09,0.09,-40,0.167,1.5,DCM,glyML_data_OutofSample.csv
imidate,a,N3,equatorial,OBn,OBn,equatorial,OBn,270,1_2_acetonide,a,1_2_acetonide,3_4_acetonide,3_4_acetonide,OH,6_OH,primary,6.53,-40,DCM,0.167M,01:01.5,TMSOTf,0.13,0.13,-40,0.167,1.5,DCM,glyML_data_OutofSample.csv
imidate,a,N3,equatorial,OBn,OBn,equatorial,OBn,270,OMe,a,OH,OBn,OBn,OBn,2_OH,secondary,4.77,-40,DCM,0.167M,01:01.5,TMSOTf,0.25,0.25,-40,0.167,1.5,DCM,glyML_data_OutofSample.csv
STol,b,N3,equatorial,OBn,OBn,equatorial,OBn,270,OMe,a,OBn,OBn,OH,OBn,4_OH,secondary,3.51,-40,DCM,0.167M,01:01.5,TolSCl_AgOTf,0.22,0.22,-40,0.167,1.5,DCM,glyML_data_OutofSample.csv
STol,b,N3,equatorial,OBn,OBn,equatorial,OBn,270,OMe,a,OBn,OBn,OH,OBn,4_OH,secondary,3.51,-40,DCM,0.167M,01:01.5,NIS_TfOH,0.25,0.25,-40,0.167,1.5,DCM,glyML_data_OutofSample.csv
imidate,a,N3,equatorial,OBn,OBn,equatorial,OBn,270,OMe,a,OBn,OBn,OH,OBn,4_OH,secondary,3.51,-40,DCM,0.167M,01:01.5,TMSOTf,0.13,0.13,-40,0.167,1.5,DCM,glyML_data_OutofSample.csv
STol,b,OBn,equatorial,OBn,4_6_OCHPh,equatorial,4_6_OCHPh,5.6,-,-,-,-,-,-,1_OH,primary,100,-40,DCM,0.167M,01:01.5,NIS_TfOH,0.1,0.1,-40,0.167,1.5,DCM,glyML_data_OutofSample.csv
STol,b,OBn,equatorial,OBn,4_6_OCHPh,equatorial,4_6_OCHPh,5.6,OMe,a,OBn,OBn,OBn,OH,6_OH,primary,7.16,-40,DCM,0.167M,01:01.5,NIS_TfOH,0.5,0.5,-40,0.167,1.5,DCM,glyML_data_OutofSample.csv
STol,b,OBn,equatorial,OBn,4_6_OCHPh,equatorial,4_6_OCHPh,5.6,OMe,a,OBn,OBn,OH,OBn,4_OH,secondary,3.51,-40,DCM,0.167M,01:01.5,NIS_TfOH,0.5,0.5,-40,0.167,1.5,DCM,glyML_data_OutofSample.csv
STol,b,OBn,equatorial,OBn,4_6_OCHPh,equatorial,4_6_OCHPh,5.6,OMe,a,OBn,OH,4_6_OCHPh,4_6_OCHPh,3_OH,secondary,1.88,-40,DCM,0.167M,01:01.5,NIS_TfOH,0.5,0.5,-40,0.167,1.5,DCM,glyML_data_OutofSample.csv
STol,a,OBn,axial,OBn,4_6_OCHPh,equatorial,4_6_OCHPh,315,-,-,-,-,-,-,1_OH,primary,100,-40,DCM,0.167M,01:01.5,NIS_TfOH,0.17,0.17,-40,0.167,1.5,DCM,glyML_data_OutofSample.csv
STol,a,OBn,axial,OBn,4_6_OCHPh,equatorial,4_6_OCHPh,315,-,-,-,-,-,-,1_OH,tertiary,80,-40,DCM,0.167M,01:01.5,NIS_TfOH,0.13,0.13,-40,0.167,1.5,DCM,glyML_data_OutofSample.csv
STol,a,OBn,axial,OBn,4_6_OCHPh,equatorial,4_6_OCHPh,315,OMe,a,OBn,OBn,OBn,OH,6_OH,primary,7.16,-40,DCM,0.167M,01:01.5,NIS_TfOH,0.33,0.33,-40,0.167,1.5,DCM,glyML_data_OutofSample.csv
STol,a,OBn,axial,OBn,4_6_OCHPh,equatorial,4_6_OCHPh,315,OMe,a,OBn,OBn,OH,OBn,4_OH,secondary,3.51,-40,DCM,0.167M,01:01.5,TolSCl_AgOTf,0.2,0.2,-40,0.167,1.5,DCM,glyML_data_OutofSample.csv
STol,a,OBn,axial,OBn,4_6_OCHPh,equatorial,4_6_OCHPh,315,OMe,a,OBn,OBn,OH,OBn,4_OH,secondary,3.51,-40,DCM,0.167M,01:01.5,NIS_TfOH,0.42,0.42,-40,0.167,1.5,DCM,glyML_data_OutofSample.csv
STol,a,OBn,axial,OBn,4_6_OCHPh,equatorial,4_6_OCHPh,315,OMe,a,OBn,OH,4_6_OCHPh,4_6_OCHPh,3_OH,secondary,1.88,-40,DCM,0.167M,01:01.5,NIS_TfOH,0.37,0.37,-40,0.167,1.5,DCM,glyML_data_OutofSample.csv
STol,b,OBn,equatorial,OBn,OBn,equatorial,OBn,18.6,-,-,-,-,-,-,1_OH,primary,100,-40,DCM,0.167M,01:01.5,TolSCl_AgOTf,0.07,0.07,-40,0.167,1.5,DCM,glyML_data_OutofSample.csv
STol,b,OBn,equatorial,OBn,OBn,equatorial,OBn,18.6,-,-,-,-,-,-,1_OH,primary,100,-40,DCM,0.167M,01:01.5,NIS_TfOH,0.25,0.25,-40,0.167,1.5,DCM,glyML_data_OutofSample.csv
STol,b,OBn,equatorial,OBn,OBn,equatorial,OBn,18.6,-,-,-,-,-,-,1_OH,tertiary,80,-40,DCM,0.167M,01:01.5,TolSCl_AgOTf,0.2,0.2,-40,0.167,1.5,DCM,glyML_data_OutofSample.csv
STol,b,OBn,equatorial,OBn,OBn,equatorial,OBn,18.6,-,-,-,-,-,-,1_OH,tertiary,80,-40,DCM,0.167M,01:01.5,NIS_TfOH,0.58,0.58,-40,0.167,1.5,DCM,glyML_data_OutofSample.csv
imidate,a,OBn,equatorial,OBn,OBn,equatorial,OBn,18.6,-,-,-,-,-,-,1_OH,tertiary,80,-40,DCM,0.167M,01:01.5,TMSOTf,0.19,0.19,-40,0.167,1.5,DCM,glyML_data_OutofSample.csv
STol,b,OBn,equatorial,OBn,OBn,equatorial,OBn,18.6,OMe,a,OBn,OBn,OBn,OH,6_OH,primary,7.16,-40,DCM,0.167M,01:01.5,NIS_TfOH,0.3,0.3,-40,0.167,1.5,DCM,glyML_data_OutofSample.csv
imidate,a,OBn,equatorial,OBn,OBn,equatorial,OBn,18.6,OMe,a,OBn,OBn,OBn,OH,6_OH,primary,7.16,-40,DCM,0.167M,01:01.5,TMSOTf,0.4,0.4,-40,0.167,1.5,DCM,glyML_data_OutofSample.csv
STol,b,OBn,equatorial,OBn,OBn,equatorial,OBn,18.6,1_2_acetonide,a,1_2_acetonide,3_4_acetonide,3_4_acetonide,OH,6_OH,primary,6.53,-40,DCM,0.167M,01:01.5,TolSCl_AgOTf,0.25,0.25,-40,0.167,1.5,DCM,glyML_data_OutofSample.csv
STol,b,OBn,equatorial,OBn,OBn,equatorial,OBn,18.6,STol,b,OBn,OBn,OBn,OH,6_OH,primary,5.86,-40,DCM,0.167M,01:01.5,TolSCl_AgOTf,0.45,0.45,-40,0.167,1.5,DCM,glyML_data_OutofSample.csv
STol,b,OBn,equatorial,OBn,OBn,equatorial,OBn,18.6,OMe,a,OH,OBn,4_6_OCHPh,4_6_OCHPh,2_OH,secondary,4.27,-40,DCM,0.167M,01:01.5,TolSCl_AgOTf,0.33,0.33,-40,0.167,1.5,DCM,glyML_data_OutofSample.csv
imidate,a,OBn,equatorial,OBn,OBn,equatorial,OBn,18.6,OMe,a,OH,OBn,4_6_OCHPh,4_6_OCHPh,2_OH,secondary,4.27,-40,DCM,0.167M,01:01.5,TMSOTf,0.4,0.4,-40,0.167,1.5,DCM,glyML_data_OutofSample.csv
STol,b,OBn,equatorial,OBn,OBn,equatorial,OBn,18.6,OMe,a,OBn,OBn,OH,OBn,4_OH,secondary,3.51,-40,DCM,0.167M,01:01.5,TolSCl_AgOTf,0.33,0.33,-40,0.167,1.5,DCM,glyML_data_OutofSample.csv
STol,b,OBn,equatorial,OBn,OBn,equatorial,OBn,18.6,OMe,a,OBn,OBn,OH,OBn,4_OH,secondary,3.51,-40,DCM,0.167M,01:01.5,NIS_TfOH,0.45,0.45,-40,0.167,1.5,DCM,glyML_data_OutofSample.csv
imidate,a,OBn,equatorial,OBn,OBn,equatorial,OBn,18.6,OMe,a,OBn,OBn,OH,OBn,4_OH,secondary,3.51,-40,DCM,0.167M,01:01.5,TMSOTf,0.5,0.5,-40,0.167,1.5,DCM,glyML_data_OutofSample.csv
STol,b,OBn,equatorial,OBn,OBn,equatorial,OBn,18.6,OMe,a,OBn,OH,4_6_OCHPh,4_6_OCHPh,3_OH,secondary,1.88,-40,DCM,0.167M,01:01.5,TolSCl_AgOTf,0.6,0.6,-40,0.167,1.5,DCM,glyML_data_OutofSample.csv
STol,b,OBn,equatorial,OBn,OBn,equatorial,OBn,18.6,OMe,a,OBn,OH,4_6_OCHPh,4_6_OCHPh,3_OH,secondary,1.88,-40,DCM,0.167M,01:01.5,NIS_TfOH,0.62,0.62,-40,0.167,1.5,DCM,glyML_data_OutofSample.csv
STol,b,OBn,equatorial,OBn,OBn,equatorial,OBn,18.6,STol,b,OBn,OH,OBn,OBn,3_OH,secondary,1.62,-40,DCM,0.167M,01:01.5,TolSCl_AgOTf,0.75,0.75,-40,0.167,1.5,DCM,glyML_data_OutofSample.csv
STol,b,OBn,equatorial,OBn,OBn,equatorial,OBn,18.6,OMe,a,OBn,OBn,OH,OBn,4_OH,secondary,1,-40,DCM,0.167M,01:01.5,TolSCl_AgOTf,0.6,0.6,-40,0.167,1.5,DCM,glyML_data_OutofSample.csv
STol,b,OBn,equatorial,OBn,OBn,equatorial,OBn,18.6,OMe,a,OBn,OBn,OH,OBn,4_OH,secondary,1,-40,DCM,0.167M,01:01.5,NIS_TfOH,0.72,0.72,-40,0.167,1.5,DCM,glyML_data_OutofSample.csv
imidate,a,OBn,equatorial,OBn,OBn,equatorial,OBn,18.6,OMe,a,OBn,OBn,OH,OBn,4_OH,secondary,1,-40,DCM,0.167M,01:01.5,TMSOTf,0.6,0.6,-40,0.167,1.5,DCM,glyML_data_OutofSample.csv
STol,b,H,equatorial,OBn,4_6_OCHPh,equatorial,4_6_OCHPh,4000,-,-,-,-,-,-,1_OH,secondary,126,-40,DCM,0.167M,01:01.5,TolSCl_AgOTf,0.25,0.25,-40,0.167,1.5,DCM,glyML_data_OutofSample.csv
STol,b,H,equatorial,OBn,4_6_OCHPh,equatorial,4_6_OCHPh,4000,-,-,-,-,-,-,1_OH,primary,100,-40,DCM,0.167M,01:01.5,NIS_TfOH,0.4,0.4,-40,0.167,1.5,DCM,glyML_data_OutofSample.csv
STol,b,H,equatorial,OBn,4_6_OCHPh,equatorial,4_6_OCHPh,4000,OMe,a,OBn,OBn,OBn,OH,6_OH,primary,7.16,-40,DCM,0.167M,01:01.5,TolSCl_AgOTf,0.33,0.33,-40,0.167,1.5,DCM,glyML_data_OutofSample.csv
STol,b,H,equatorial,OBn,4_6_OCHPh,equatorial,4_6_OCHPh,4000,OMe,a,OBn,OBn,OBn,OH,6_OH,primary,7.16,-40,DCM,0.167M,01:01.5,NIS_TfOH,0.42,0.42,-40,0.167,1.5,DCM,glyML_data_OutofSample.csv
STol,b,H,equatorial,OBn,4_6_OCHPh,equatorial,4_6_OCHPh,4000,OMe,a,OBn,OBn,OH,OBn,4_OH,secondary,3.51,-40,DCM,0.167M,01:01.5,NIS_TfOH,0.67,0.67,-40,0.167,1.5,DCM,glyML_data_OutofSample.csv
STol,b,H,equatorial,OBn,4_6_OCHPh,equatorial,4_6_OCHPh,4000,OMe,a,OBn,OH,4_6_OCHPh,4_6_OCHPh,3_OH,secondary,1.88,-40,DCM,0.167M,01:01.5,NIS_TfOH,0.58,0.58,-40,0.167,1.5,DCM,glyML_data_OutofSample.csv
STol,b,H,equatorial,OBn,4_6_OCHPh,equatorial,4_6_OCHPh,4000,-,-,-,-,-,-,1_OH,phenyl,1.32,-40,DCM,0.167M,01:01.5,TolSCl_AgOTf,0.95,0.95,-40,0.167,1.5,DCM,glyML_data_OutofSample.csv
STol,b,H,equatorial,OBn,4_6_OCHPh,equatorial,4_6_OCHPh,4000,-,-,-,-,-,-,1_OH,phenyl,1.32,-40,DCM,0.167M,01:01.5,NIS_TfOH,1,1,-40,0.167,1.5,DCM,glyML_data_OutofSample.csv
STol,a,OBn,axial,OBn,OBn,equatorial,OBn,5000,-,-,-,-,-,-,1_OH,primary,100,-40,DCM,0.167M,01:01.5,TolSCl_AgOTf,0.6,0.6,-40,0.167,1.5,DCM,glyML_data_OutofSample.csv
STol,a,OBn,axial,OBn,OBn,equatorial,OBn,5000,-,-,-,-,-,-,1_OH,primary,100,-40,DCM,0.167M,01:01.5,NIS_TfOH,0.45,0.45,-40,0.167,1.5,DCM,glyML_data_OutofSample.csv
STol,a,OBn,axial,OBn,OBn,equatorial,OBn,5000,OMe,a,OBn,OBn,OBn,OH,6_OH,primary,7.16,-40,DCM,0.167M,01:01.5,TolSCl_AgOTf,0.4,0.4,-40,0.167,1.5,DCM,glyML_data_OutofSample.csv
STol,a,OBn,axial,OBn,OBn,equatorial,OBn,5000,OMe,a,OBn,OBn,OBn,OH,6_OH,primary,7.16,-40,DCM,0.167M,01:01.5,NIS_TfOH,0.36,0.36,-40,0.167,1.5,DCM,glyML_data_OutofSample.csv
imidate,a,OBn,axial,OBn,OBn,equatorial,OBn,5000,OMe,a,OBn,OBn,OBn,OH,6_OH,primary,7.16,-40,DCM,0.167M,01:01.5,TMSOTf,0.33,0.33,-40,0.167,1.5,DCM,glyML_data_OutofSample.csv
STol,a,OBn,axial,OBn,OBn,equatorial,OBn,5000,STol,a,N3,OBn,OBn,OH,6_OH,primary,4.15,-40,DCM,0.167M,01:01.5,NIS_TfOH,0.75,0.75,-40,0.167,1.5,DCM,glyML_data_OutofSample.csv
STol,a,OBn,axial,OBn,OBn,equatorial,OBn,5000,OMe,a,OBn,OBn,OH,OBn,4_OH,secondary,3.51,-40,DCM,0.167M,01:01.5,NIS_TfOH,1,1,-40,0.167,1.5,DCM,glyML_data_OutofSample.csv
STol,a,OBn,axial,OBn,OBn,equatorial,OBn,5000,STol,a,N3,OBn,OH,OBn,4_OH,secondary,2.6,-40,DCM,0.167M,01:01.5,NIS_TfOH,0.91,0.91,-40,0.167,1.5,DCM,glyML_data_OutofSample.csv
STol,a,OBn,axial,OBn,OBn,equatorial,OBn,5000,OMe,a,OBn,OH,4_6_OCHPh,4_6_OCHPh,3_OH,secondary,1.88,-40,DCM,0.167M,01:01.5,NIS_TfOH,1,1,-40,0.167,1.5,DCM,glyML_data_OutofSample.csv
STol,a,OBn,axial,OBn,OBn,equatorial,OBn,5000,STol,a,N3,OH,4_6_OCHPh,4_6_OCHPh,3_OH,secondary,1.7,-40,DCM,0.167M,01:01.5,NIS_TfOH,1,1,-40,0.167,1.5,DCM,glyML_data_OutofSample.csv
STol,b,OBn,equatorial,OBn,4_6_OCHPh,axial,4_6_OCHPh,7180,-,-,-,-,-,-,1_OH,primary,100,-40,DCM,0.167M,01:01.5,NIS_TfOH,0.2,0.2,-40,0.167,1.5,DCM,glyML_data_OutofSample.csv
STol,b,OBn,equatorial,OBn,4_6_OCHPh,axial,4_6_OCHPh,7180,-,-,-,-,-,-,1_OH,primary,17,-40,DCM,0.167M,01:01.5,TolSCl_AgOTf,0.38,0.38,-40,0.167,1.5,DCM,glyML_data_OutofSample.csv
STol,b,OBn,equatorial,OBn,4_6_OCHPh,axial,4_6_OCHPh,7180,-,-,-,-,-,-,1_OH,primary,17,-40,DCM,0.167M,01:01.5,NIS_TfOH,0.33,0.33,-40,0.167,1.5,DCM,glyML_data_OutofSample.csv
STol,b,OBn,equatorial,OBn,4_6_OCHPh,axial,4_6_OCHPh,7180,-,-,-,-,-,-,1_OH,benzyl,13.1,-40,DCM,0.167M,01:01.5,NIS_TfOH,0.53,0.53,-40,0.167,1.5,DCM,glyML_data_OutofSample.csv
STol,b,OBn,equatorial,OBn,4_6_OCHPh,axial,4_6_OCHPh,7180,OMe,a,OBn,OBn,OBn,OH,6_OH,primary,7.16,-40,DCM,0.167M,01:01.5,NIS_TfOH,0.4,0.4,-40,0.167,1.5,DCM,glyML_data_OutofSample.csv
STol,b,OBn,equatorial,OBn,4_6_OCHPh,axial,4_6_OCHPh,7180,1_2_acetonide,a,1_2_acetonide,3_4_acetonide,3_4_acetonide,OH,6_OH,primary,6.53,-40,DCM,0.167M,01:01.5,NIS_TfOH,0.5,0.5,-40,0.167,1.5,DCM,glyML_data_OutofSample.csv
STol,b,OBn,equatorial,OBn,4_6_OCHPh,axial,4_6_OCHPh,7180,OMe,a,OBn,OBn,OH,OBn,4_OH,secondary,3.51,-40,DCM,0.167M,01:01.5,NIS_TfOH,0.8,0.8,-40,0.167,1.5,DCM,glyML_data_OutofSample.csv
STol,b,OBn,equatorial,OBn,4_6_OCHPh,axial,4_6_OCHPh,7180,OMe,a,OBn,OH,4_6_OCHPh,4_6_OCHPh,3_OH,secondary,1.88,-40,DCM,0.167M,01:01.5,NIS_TfOH,1,1,-40,0.167,1.5,DCM,glyML_data_OutofSample.csv
STol,b,OBn,equatorial,OBn,OBn,axial,OBn,17000,-,-,-,-,-,-,1_OH,primary,100,-40,DCM,0.167M,01:01.5,TolSCl_AgOTf,0.25,0.25,-40,0.167,1.5,DCM,glyML_data_OutofSample.csv
STol,b,OBn,equatorial,OBn,OBn,axial,OBn,17000,-,-,-,-,-,-,1_OH,primary,100,-40,DCM,0.167M,01:01.5,NIS_TfOH,0.33,0.33,-40,0.167,1.5,DCM,glyML_data_OutofSample.csv
imidate,a,OBn,equatorial,OBn,OBn,axial,OBn,17000,-,-,-,-,-,-,1_OH,primary,100,-40,DCM,0.167M,01:01.5,TMSOTf,0.25,0.25,-40,0.167,1.5,DCM,glyML_data_OutofSample.csv
STol,b,OBn,equatorial,OBn,OBn,axial,OBn,17000,OMe,a,OBn,OBn,OBn,OH,6_OH,primary,7.16,-40,DCM,0.167M,01:01.5,TolSCl_AgOTf,0.25,0.25,-40,0.167,1.5,DCM,glyML_data_OutofSample.csv
STol,b,OBn,equatorial,OBn,OBn,axial,OBn,17000,OMe,a,OBn,OBn,OBn,OH,6_OH,primary,7.16,-40,DCM,0.167M,01:01.5,NIS_TfOH,0.5,0.5,-40,0.167,1.5,DCM,glyML_data_OutofSample.csv
STol,b,OBn,equatorial,OBn,OBn,axial,OBn,17000,1_2_acetonide,a,1_2_acetonide,3_4_acetonide,3_4_acetonide,OH,6_OH,primary,6.53,-40,DCM,0.167M,01:01.5,TolSCl_AgOTf,0.4,0.4,-40,0.167,1.5,DCM,glyML_data_OutofSample.csv
STol,b,OBn,equatorial,OBn,OBn,axial,OBn,17000,1_2_acetonide,a,1_2_acetonide,3_4_acetonide,3_4_acetonide,OH,6_OH,primary,6.53,-40,DCM,0.167M,01:01.5,NIS_TfOH,0.5,0.5,-40,0.167,1.5,DCM,glyML_data_OutofSample.csv
STol,b,OBn,equatorial,OBn,OBn,axial,OBn,17000,STol,a,N3,OBn,OBn,OH,6_OH,primary,4.15,-40,DCM,0.167M,01:01.5,NIS_TfOH,0.5,0.5,-40,0.167,1.5,DCM,glyML_data_OutofSample.csv
STol,b,OBn,equatorial,OBn,OBn,axial,OBn,17000,OMe,a,OBn,OBn,OH,OBn,4_OH,secondary,3.51,-40,DCM,0.167M,01:01.5,TolSCl_AgOTf,1,1,-40,0.167,1.5,DCM,glyML_data_OutofSample.csv
STol,b,OBn,equatorial,OBn,OBn,axial,OBn,17000,OMe,a,OBn,OBn,OH,OBn,4_OH,secondary,3.51,-40,DCM,0.167M,01:01.5,NIS_TfOH,0.8,0.8,-40,0.167,1.5,DCM,glyML_data_OutofSample.csv
imidate,a,OBn,equatorial,OBn,OBn,axial,OBn,17000,OMe,a,OBn,OBn,OH,OBn,4_OH,secondary,3.51,-40,DCM,0.167M,01:01.5,TMSOTf,0.86,0.86,-40,0.167,1.5,DCM,glyML_data_OutofSample.csv
STol,b,OBn,equatorial,OBn,OBn,axial,OBn,17000,-,-,-,-,-,-,1_OH,phenyl,2.86,-40,DCM,0.167M,01:01.5,TolSCl_AgOTf,1,1,-40,0.167,1.5,DCM,glyML_data_OutofSample.csv
STol,b,OBn,equatorial,OBn,OBn,axial,OBn,17000,OMe,a,OBn,OH,4_6_OCHPh,4_6_OCHPh,3_OH,secondary,1.88,-40,DCM,0.167M,01:01.5,NIS_TfOH,0.75,0.75,-40,0.167,1.5,DCM,glyML_data_OutofSample.csv
STol,b,OBn,equatorial,OBn,OBn,axial,OBn,17000,STol,a,N3,OH,4_6_OCHPh,4_6_OCHPh,3_OH,secondary,1.7,-40,DCM,0.167M,01:01.5,NIS_TfOH,0.8,0.8,-40,0.167,1.5,DCM,glyML_data_OutofSample.csv
STol,b,H,equatorial,OBn,OBn,equatorial,H,90000,-,-,-,-,-,-,1_OH,secondary,126,-40,DCM,0.167M,01:01.5,TolSCl_AgOTf,0.91,0.91,-40,0.167,1.5,DCM,glyML_data_OutofSample.csv
STol,b,H,equatorial,OBn,OBn,equatorial,H,90000,-,-,-,-,-,-,1_OH,secondary,126,-40,DCM,0.167M,01:01.5,NIS_TfOH,0.67,0.67,-40,0.167,1.5,DCM,glyML_data_OutofSample.csv
STol,b,H,equatorial,OBn,OBn,equatorial,H,90000,-,-,-,-,-,-,1_OH,primary,100,-40,DCM,0.167M,01:01.5,TolSCl_AgOTf,0.67,0.67,-40,0.167,1.5,DCM,glyML_data_OutofSample.csv
STol,b,H,equatorial,OBn,OBn,equatorial,H,90000,-,-,-,-,-,-,1_OH,primary,100,-40,DCM,0.167M,01:01.5,NIS_TfOH,0.4,0.4,-40,0.167,1.5,DCM,glyML_data_OutofSample.csv
STol,b,H,equatorial,OBn,4_6_OCHPh,axial,4_6_OCHPh,110000,-,-,-,-,-,-,1_OH,primary,100,-40,DCM,0.167M,01:01.5,TolSCl_AgOTf,0.4,0.4,-40,0.167,1.5,DCM,glyML_data_OutofSample.csv
STol,b,H,equatorial,OBn,4_6_OCHPh,axial,4_6_OCHPh,110000,-,-,-,-,-,-,1_OH,primary,100,-40,DCM,0.167M,01:01.5,NIS_TfOH,0.4,0.4,-40,0.167,1.5,DCM,glyML_data_OutofSample.csv
STol,b,H,equatorial,OBn,4_6_OCHPh,axial,4_6_OCHPh,110000,OMe,a,OBn,OBn,OBn,OH,6_OH,primary,7.16,-40,DCM,0.167M,01:01.5,TolSCl_AgOTf,1,1,-40,0.167,1.5,DCM,glyML_data_OutofSample.csv
STol,b,H,equatorial,OBn,4_6_OCHPh,axial,4_6_OCHPh,110000,OMe,a,OBn,OBn,OBn,OH,6_OH,primary,7.16,-40,DCM,0.167M,01:01.5,NIS_TfOH,1,1,-40,0.167,1.5,DCM,glyML_data_OutofSample.csv
STol,b,H,equatorial,OBn,4_6_OCHPh,axial,4_6_OCHPh,110000,OMe,a,OBn,OBn,OH,OBn,4_OH,secondary,3.51,-40,DCM,0.167M,01:01.5,TolSCl_AgOTf,1,1,-40,0.167,1.5,DCM,glyML_data_OutofSample.csv
STol,b,H,equatorial,OBn,4_6_OCHPh,axial,4_6_OCHPh,110000,OMe,a,OBn,OBn,OH,OBn,4_OH,secondary,3.51,-40,DCM,0.167M,01:01.5,NIS_TfOH,1,1,-40,0.167,1.5,DCM,glyML_data_OutofSample.csv
STol,b,H,equatorial,OBn,4_6_OCHPh,axial,4_6_OCHPh,110000,OMe,a,OBn,OH,4_6_OCHPh,4_6_OCHPh,3_OH,secondary,1.88,-40,DCM,0.167M,01:01.5,NIS_TfOH,1,1,-40,0.167,1.5,DCM,glyML_data_OutofSample.csv
STol,a,H,equatorial,OBn,OBn,axial,OBn,300000,-,-,-,-,-,-,1_OH,secondary,126,-40,DCM,0.167M,01:01.5,TolSCl_AgOTf,1,1,-40,0.167,1.5,DCM,glyML_data_OutofSample.csv
STol,a,H,equatorial,OBn,OBn,axial,OBn,300000,-,-,-,-,-,-,1_OH,primary,100,-40,DCM,0.167M,01:01.5,NIS_TfOH,0.4,0.4,-40,0.167,1.5,DCM,glyML_data_OutofSample.csv
STol,a,H,equatorial,OBn,OBn,axial,OBn,300000,OMe,a,OBn,OBn,OBn,OH,6_OH,primary,7.16,-40,DCM,0.167M,01:01.5,TolSCl_AgOTf,0.75,0.75,-40,0.167,1.5,DCM,glyML_data_OutofSample.csv
STol,a,H,equatorial,OBn,OBn,axial,OBn,300000,OMe,a,OBn,OBn,OBn,OH,6_OH,primary,7.16,-40,DCM,0.167M,01:01.5,NIS_TfOH,1,1,-40,0.167,1.5,DCM,glyML_data_OutofSample.csv
STol,a,H,equatorial,OBn,OBn,axial,OBn,300000,OMe,a,OBn,OBn,OH,OBn,4_OH,secondary,3.51,-40,DCM,0.167M,01:01.5,TolSCl_AgOTf,1,1,-40,0.167,1.5,DCM,glyML_data_OutofSample.csv
STol,a,H,equatorial,OBn,OBn,axial,OBn,300000,OMe,a,OBn,OBn,OH,OBn,4_OH,secondary,3.51,-40,DCM,0.167M,01:01.5,NIS_TfOH,1,1,-40,0.167,1.5,DCM,glyML_data_OutofSample.csv
STol,a,H,equatorial,OBn,OBn,axial,OBn,300000,OMe,a,OBn,OH,4_6_OCHPh,4_6_OCHPh,3_OH,secondary,1.88,-40,DCM,0.167M,01:01.5,NIS_TfOH,1,1,-40,0.167,1.5,DCM,glyML_data_OutofSample.csv
STol,a,H,equatorial,OBn,OBn,equatorial,OBn,1000000,-,-,-,-,-,-,1_OH,primary,100,-40,DCM,0.167M,01:01.5,NIS_TfOH,0.4,0.4,-40,0.167,1.5,DCM,glyML_data_OutofSample.csv
imidate,a,H,equatorial,OBn,OBn,equatorial,OBn,1000000,-,-,-,-,-,-,1_OH,primary,100,-40,DCM,0.167M,01:01.5,TMSOTf,0.25,0.25,-40,0.167,1.5,DCM,glyML_data_OutofSample.csv
STol,a,H,equatorial,OBn,OBn,equatorial,OBn,1000000,-,-,-,-,-,-,1_OH,tertiary,80,-70,DCM,0.167M,01:01.5,TolSCl_AgOTf,1,1,-70,0.167,1.5,DCM,glyML_data_OutofSample.csv
STol,a,H,equatorial,OBn,OBn,equatorial,OBn,1000000,-,-,-,-,-,-,1_OH,tertiary,80,-40,DCM,0.167M,01:01.5,NIS_TfOH,0.75,0.75,-40,0.167,1.5,DCM,glyML_data_OutofSample.csv
STol,a,H,equatorial,OBn,OBn,equatorial,OBn,1000000,OMe,a,OBn,OBn,OBn,OH,6_OH,primary,7.16,-40,DCM,0.167M,01:01.5,NIS_TfOH,0.8,0.8,-40,0.167,1.5,DCM,glyML_data_OutofSample.csv
STol,a,H,equatorial,OBn,OBn,equatorial,OBn,1000000,1_2_acetonide,a,1_2_acetonide,3_4_acetonide,3_4_acetonide,OH,6_OH,primary,6.53,-70,DCM,0.167M,01:01.5,TolSCl_AgOTf,0.88,0.88,-70,0.167,1.5,DCM,glyML_data_OutofSample.csv
STol,a,H,equatorial,OBn,OBn,equatorial,OBn,1000000,OMe,a,OBn,OBn,OH,OBn,4_OH,secondary,3.51,-40,DCM,0.167M,01:01.5,NIS_TfOH,0.9,0.9,-40,0.167,1.5,DCM,glyML_data_OutofSample.csv
imidate,a,H,equatorial,OBn,OBn,equatorial,OBn,1000000,OMe,a,OBn,OBn,OH,OBn,4_OH,secondary,3.51,-40,DCM,0.167M,01:01.5,TMSOTf,1,1,-40,0.167,1.5,DCM,glyML_data_OutofSample.csv
STol,a,H,equatorial,OBn,OBn,equatorial,OBn,1000000,OMe,a,OBn,OH,4_6_OCHPh,4_6_OCHPh,3_OH,secondary,1.88,-40,DCM,0.167M,01:01.5,NIS_TfOH,0.9,0.9,-40,0.167,1.5,DCM,glyML_data_OutofSample.csv
imidate,a,H,equatorial,OBn,OBn,equatorial,OBn,1000000,OMe,a,OBn,OH,4_6_OCHPh,4_6_OCHPh,3_OH,secondary,1.88,-40,DCM,0.167M,01:01.5,TMSOTf,0.95,0.95,-40,0.167,1.5,DCM,glyML_data_OutofSample.csv
STol,b,N3,equatorial,OBn,OBn,equatorial,OBn,270,OMe,a,OBn,OH,4_6_OCHPh,4_6_OCHPh,3_OH,secondary,1.88,-40,DCM,0.167M,01:01.5,NIS_TfOH,0.3,0.3,-40,0.167,1.5,DCM,glyML_data_OutofSample.csv
STol,b,N3,equatorial,OBn,OBn,equatorial,OBn,270,1_2_acetonide,a,1_2_acetonide,3_4_acetonide,3_4_acetonide,OH,6_OH,primary,6.53,-70,DCM,0.167M,01:01.5,NIS_TMSOTf,0.17,0.17,-70,0.167,1.5,DCM,glyML_data_OutofSample.csv
imidate,a,OBn,axial,OBn,4_6_OCHPh,equatorial,4_6_OCHPh,315,-,-,-,-,-,-,1_OH,tertiary,80,-78,DCM,0.167M,01:01.5,TMSOTf,0.14,0.14,-78,0.167,1.5,DCM,glyML_data_OutofSample.csv
imidate,a,OBn,axial,OBn,4_6_OCHPh,equatorial,4_6_OCHPh,315,OMe,a,OBn,OBn,OBn,OH,6_OH,primary,7.16,-50,DCM,0.167M,01:01.5,TMSOTf,0.06,0.06,-50,0.167,1.5,DCM,glyML_data_OutofSample.csv
imidate,a,OBn,axial,OBn,4_6_OCHPh,equatorial,4_6_OCHPh,315,1_2_acetonide,a,1_2_acetonide,3_4_acetonide,3_4_acetonide,OH,6_OH,primary,6.53,-50,DCM,0.167M,01:01.5,TMSOTf,0.33,0.33,-50,0.167,1.5,DCM,glyML_data_OutofSample.csv
imidate,a,OBn,axial,OBn,4_6_OCHPh,equatorial,4_6_OCHPh,315,OMe,a,OBn,OBn,OH,OBn,4_OH,secondary,3.51,-50,DCM,0.167M,01:01.5,TMSOTf,0.33,0.33,-50,0.167,1.5,DCM,glyML_data_OutofSample.csv
STol,a,OBn,axial,OBn,4_6_OCHPh,equatorial,4_6_OCHPh,315,STol,a,N3,OBn,OH,OBn,4_OH,secondary,2.6,-50,DCM,0.167M,01:01.5,NIS_TMSOTf,0.06,0.06,-50,0.167,1.5,DCM,glyML_data_OutofSample.csv
imidate,a,OBn,equatorial,OBn,OBn,equatorial,OBn,18.6,-,-,-,-,-,-,1_OH,primary,100,-40,DCM,0.167M,01:01.5,TMSOTf,0.11,0.11,-40,0.167,1.5,DCM,glyML_data_OutofSample.csv
STol,b,OBn,equatorial,OBn,OBn,equatorial,OBn,18.6,OMe,a,OBn,OBn,OBn,OH,6_OH,primary,7.16,-78,DCM,0.167M,01:01.5,TolSCl_AgOTf,0.25,0.25,-78,0.167,1.5,DCM,glyML_data_OutofSample.csv
STol,b,OBn,equatorial,OBn,OBn,equatorial,OBn,18.6,1_2_acetonide,a,1_2_acetonide,3_4_acetonide,3_4_acetonide,OH,6_OH,primary,6.53,-40,DCM,0.167M,01:01.5,NIS_TMSOTf,0.43,0.43,-40,0.167,1.5,DCM,glyML_data_OutofSample.csv
imidate,a,OBn,equatorial,OBn,OBn,equatorial,OBn,18.6,1_2_acetonide,a,1_2_acetonide,3_4_acetonide,3_4_acetonide,OH,6_OH,primary,6.53,-40,DCM,0.167M,01:01.5,TMSOTf,0.2,0.2,-40,0.167,1.5,DCM,glyML_data_OutofSample.csv
STol,b,H,equatorial,OBn,4_6_OCHPh,equatorial,4_6_OCHPh,4000,-,-,-,-,-,-,1_OH,primary,100,-70,DCM,0.167M,01:01.5,TolSCl_AgOTf,0.11,0.11,-70,0.167,1.5,DCM,glyML_data_OutofSample.csv
STol,b,H,equatorial,OBn,4_6_OCHPh,equatorial,4_6_OCHPh,4000,OMe,a,OBn,OBn,OH,OBn,4_OH,secondary,3.51,-70,DCM,0.167M,01:01.5,TolSCl_AgOTf,0.67,0.67,-70,0.167,1.5,DCM,glyML_data_OutofSample.csv
STol,a,OBn,axial,OBn,OBn,equatorial,OBn,5000,1_2_acetonide,a,1_2_acetonide,3_4_acetonide,3_4_acetonide,OH,6_OH,primary,6.53,-40,DCM,0.167M,01:01.5,NIS_TMSOTf,0.5,0.5,-40,0.167,1.5,DCM,glyML_data_OutofSample.csv
imidate,a,OBn,axial,OBn,OBn,equatorial,OBn,5000,1_2_acetonide,a,1_2_acetonide,3_4_acetonide,3_4_acetonide,OH,6_OH,primary,6.53,-40,DCM,0.167M,01:01.5,TMSOTf,0.6,0.6,-40,0.167,1.5,DCM,glyML_data_OutofSample.csv
imidate,a,OBn,axial,OBn,OBn,equatorial,OBn,5000,OMe,a,OBn,OBn,OH,OBn,4_OH,secondary,3.51,-40,DCM,0.167M,01:01.5,TMSOTf,0.75,0.75,-40,0.167,1.5,DCM,glyML_data_OutofSample.csv
imidate,a,OBn,equatorial,OBn,OBn,axial,OBn,17000,OMe,a,OBn,OBn,OBn,OH,6_OH,primary,7.16,-78,DCM,0.167M,01:01.5,TMSOTf,0.63,0.63,-78,0.167,1.5,DCM,glyML_data_OutofSample.csv
STol,b,H,equatorial,OBn,OBn,equatorial,H,90000,OMe,a,OBn,OBn,OBn,OH,6_OH,primary,7.16,-70,DCM,0.167M,01:01.5,TolSCl_AgOTf,0.83,0.83,-70,0.167,1.5,DCM,glyML_data_OutofSample.csv
STol,b,H,equatorial,OBn,OBn,equatorial,H,90000,OMe,a,OBn,OH,4_6_OCHPh,4_6_OCHPh,3_OH,secondary,1.88,-70,DCM,0.167M,01:01.5,TolSCl_AgOTf,0.83,0.83,-70,0.167,1.5,DCM,glyML_data_OutofSample.csv
STol,b,H,equatorial,OBn,4_6_OCHPh,axial,4_6_OCHPh,110000,1_2_acetonide,a,1_2_acetonide,3_4_acetonide,3_4_acetonide,OH,6_OH,primary,6.53,-40,DCM,0.167M,01:01.5,NIS_TMSOTf,0.95,0.95,-40,0.167,1.5,DCM,glyML_data_OutofSample.csv
STol,a,H,equatorial,OBn,OBn,axial,OBn,300000,OMe,a,OBn,OBn,OH,OBn,4_OH,secondary,3.51,-40,DCM,0.167M,01:01.5,NIS_TMSOTf,0.89,0.89,-40,0.167,1.5,DCM,glyML_data_OutofSample.csv
imidate,a,H,equatorial,OBn,OBn,axial,OBn,300000,-,-,-,-,-,-,1_OH,phenyl,1.36,-78,DCM,0.167M,01:01.5,TMSOTf,1,1,-78,0.167,1.5,DCM,glyML_data_OutofSample.csv
STol,a,H,equatorial,OBn,OBn,equatorial,OBn,1000000,-,-,-,-,-,-,1_OH,secondary,126,-70,DCM,0.167M,01:01.5,TolSCl_AgOTf,0.94,0.94,-70,0.167,1.5,DCM,glyML_data_OutofSample.csv
STol,a,H,equatorial,OBn,OBn,equatorial,OBn,1000000,-,-,-,-,-,-,1_OH,primary,100,-70,DCM,0.167M,01:01.5,TolSCl_AgOTf,0.91,0.91,-70,0.167,1.5,DCM,glyML_data_OutofSample.csv
STol,a,H,equatorial,OBn,OBn,equatorial,OBn,1000000,OMe,a,OBn,OBn,OBn,OH,6_OH,primary,7.16,-70,DCM,0.167M,01:01.5,TolSCl_AgOTf,0.83,0.83,-70,0.167,1.5,DCM,glyML_data_OutofSample.csv
STol,a,H,equatorial,OBn,OBn,equatorial,OBn,1000000,-,-,-,-,-,-,1_OH,benzyl,5.76,-70,DCM,0.167M,01:01.5,TolSCl_AgOTf,1,1,-70,0.167,1.5,DCM,glyML_data_OutofSample.csv
STol,a,H,equatorial,OBn,OBn,equatorial,OBn,1000000,OMe,a,OBn,OBn,OH,OBn,4_OH,secondary,3.51,-70,DCM,0.167M,01:01.5,TolSCl_AgOTf,1,1,-70,0.167,1.5,DCM,glyML_data_OutofSample.csv
STol,a,H,equatorial,OBn,OBn,equatorial,OBn,1000000,STol,a,H,OBn,OH,OBn,4_OH,secondary,2.31,-70,DCM,0.167M,01:01.5,TolSCl_AgOTf,1,1,-70,0.167,1.5,DCM,glyML_data_OutofSample.csv
STol,a,H,equatorial,OBn,OBn,equatorial,OBn,1000000,OMe,a,OBn,OH,4_6_OCHPh,4_6_OCHPh,3_OH,secondary,1.88,-70,DCM,0.167M,01:01.5,TolSCl_AgOTf,1,1,-70,0.167,1.5,DCM,glyML_data_OutofSample.csv
STol,a,H,equatorial,OBn,OBn,equatorial,OBn,1000000,-,-,-,-,-,-,1_OH,secondary,126,-70,DCM,0.167M,01:01.5,TolSCl_AgOTf,1,1,-70,0.167,1.5,DCM,glyML_data_OutofSample.csv
STol,b,N3,equatorial,OBn,4_6_OCHPh,equatorial,4_6_OCHPh,5.6,OMe,a,OBn,OBn,OH,OBn,4_OH,secondary,3.51,-40,DCM,0.167M,01:01.5,NIS_TfOH,0.2,0.2,-40,0.167,1.5,DCM,glyML_data_OutofSample.csv
imidate,a,N3,equatorial,OBn,4_6_OCHPh,equatorial,4_6_OCHPh,5.6,OMe,a,OBn,OBn,OH,OBn,4_OH,secondary,3.51,-40,DCM,0.167M,01:01.5,TMSOTf,0.25,0.25,-40,0.167,1.5,DCM,glyML_data_OutofSample.csv
STol,b,N3,equatorial,OBn,4_6_OCHPh,equatorial,4_6_OCHPh,5.6,OMe,a,OBn,OH,4_6_OCHPh,4_6_OCHPh,3_OH,secondary,1.88,-40,DCM,0.167M,01:01.5,NIS_TfOH,0.25,0.25,-40,0.167,1.5,DCM,glyML_data_OutofSample.csv
imidate,a,N3,equatorial,OBn,4_6_OCHPh,equatorial,4_6_OCHPh,5.6,OMe,a,OBn,OH,4_6_OCHPh,4_6_OCHPh,3_OH,secondary,1.88,-40,DCM,0.167M,01:01.5,TMSOTf,0.45,0.45,-40,0.167,1.5,DCM,glyML_data_OutofSample.csv
STol,b,N3,equatorial,OBz,4_6_OCHPh,equatorial,4_6_OCHPh,18.6,-,-,-,-,-,-,1_OH,primary,100,-40,DCM,0.167M,01:01.5,NIS_TfOH,0.1,0.1,-40,0.167,1.5,DCM,glyML_data_OutofSample.csv
STol,b,N3,equatorial,OBz,4_6_OCHPh,equatorial,4_6_OCHPh,18.6,OMe,a,OBn,OBn,OBn,OH,6_OH,primary,7.16,-40,DCM,0.167M,01:01.5,TolSCl_AgOTf,0.1,0.1,-40,0.167,1.5,DCM,glyML_data_OutofSample.csv
STol,b,N3,equatorial,OBz,4_6_OCHPh,equatorial,4_6_OCHPh,18.6,OMe,a,OBn,OBn,OBn,OH,6_OH,primary,7.16,-40,DCM,0.167M,01:01.5,NIS_TfOH,0.2,0.2,-40,0.167,1.5,DCM,glyML_data_OutofSample.csv
STol,b,N3,equatorial,OBz,4_6_OCHPh,equatorial,4_6_OCHPh,18.6,OMe,a,OBn,OBn,OH,OBn,4_OH,secondary,3.51,-40,DCM,0.167M,01:01.5,TolSCl_AgOTf,0.14,0.14,-40,0.167,1.5,DCM,glyML_data_OutofSample.csv
STol,b,N3,equatorial,OBz,4_6_OCHPh,equatorial,4_6_OCHPh,18.6,OMe,a,OBn,OBn,OH,OBn,4_OH,secondary,3.51,-40,DCM,0.167M,01:01.5,NIS_TfOH,0.2,0.2,-40,0.167,1.5,DCM,glyML_data_OutofSample.csv
STol,b,N3,equatorial,OBz,4_6_OCHPh,equatorial,4_6_OCHPh,18.6,OMe,a,OBn,OH,4_6_OCHPh,4_6_OCHPh,3_OH,secondary,1.88,-40,DCM,0.167M,01:01.5,NIS_TfOH,0.29,0.29,-40,0.167,1.5,DCM,glyML_data_OutofSample.csv
STol,b,N3,equatorial,OBn,OBn,equatorial,OBn,270,-,-,-,-,-,-,1_OH,secondary,126,-40,DCM,0.167M,01:01.5,TolSCl_AgOTf,0,0,-40,0.167,1.5,DCM,glyML_data_OutofSample.csv
STol,b,N3,equatorial,OBn,OBn,equatorial,OBn,270,-,-,-,-,-,-,1_OH,secondary,126,-20,DCM,0.167M,01:01.5,NIS_TfOH,0,0,-40,0.167,1.5,DCM,glyML_data_OutofSample.csv
imidate,a,N3,equatorial,OBn,OBn,equatorial,OBn,270,-,-,-,-,-,-,1_OH,secondary,126,-20,DCM,0.167M,01:01.5,TMSOTf,0,0,-40,0.167,1.5,DCM,glyML_data_OutofSample.csv
STol,b,N3,equatorial,OBn,OBn,equatorial,OBn,270,-,-,-,-,-,-,1_OH,primary,100,-20,DCM,0.167M,01:01.5,TolSCl_AgOTf,0,0,-40,0.167,1.5,DCM,glyML_data_OutofSample.csv
STol,b,N3,equatorial,OBn,OBn,equatorial,OBn,270,-,-,-,-,-,-,1_OH,primary,100,-20,DCM,0.167M,01:01.5,NIS_TfOH,0,0,-40,0.167,1.5,DCM,glyML_data_OutofSample.csv
imidate,a,N3,equatorial,OBn,OBn,equatorial,OBn,270,-,-,-,-,-,-,1_OH,primary,100,-40,DCM,0.167M,01:01.5,TMSOTf,0,0,-40,0.167,1.5,DCM,glyML_data_OutofSample.csv
STol,b,N3,equatorial,OBn,OBn,equatorial,OBn,270,-,-,-,-,-,-,1_OH,tertiary,80,-20,DCM,0.167M,01:01.5,TolSCl_AgOTf,0,0,-40,0.167,1.5,DCM,glyML_data_OutofSample.csv
STol,b,N3,equatorial,OBn,OBn,equatorial,OBn,270,-,-,-,-,-,-,1_OH,tertiary,80,-20,DCM,0.167M,01:01.5,NIS_TfOH,0,0,-40,0.167,1.5,DCM,glyML_data_OutofSample.csv
imidate,a,N3,equatorial,OBn,OBn,equatorial,OBn,270,-,-,-,-,-,-,1_OH,tertiary,80,-20,DCM,0.167M,01:01.5,TMSOTf,0,0,-40,0.167,1.5,DCM,glyML_data_OutofSample.csv
STol,b,N3,equatorial,OBn,OBn,equatorial,OBn,270,-,-,-,-,-,-,1_OH,primary,14,-20,DCM,0.167M,01:01.5,TolSCl_AgOTf,0.1,0.1,-40,0.167,1.5,DCM,glyML_data_OutofSample.csv
DCM,0.167M,01:01.5,NIS_TfOH,-20 ℃,STol,b,OBn,equatorial,OBn,OBn,axial,CH3,72000,OMe,a,OBn,OBn,OH,OBn,4_OH,secondary,1,83,83,,4,,OBn,Gly-data y2.csv
DCM,0.167M,01:01.5,NIS_TfOH,0 ℃,STol,a,H,equatorial,OBn,OBn,equatorial,OBn,1000000,OMe,a,OBn,OBn,OH,OBn,4_OH,secondary,1,48,48,,4,,OBn,Gly-data y2.csv
DCM,0.167M,01:01.5,NIS_TfOH,0 ℃,STol,b,N3,equatorial,OBn,OBn,equatorial,OBn,270,OMe,a,OBn,OBn,OBn,OH,6_OH,primary,7.16,80,80,,6,,OH,Gly-data y2.csv
DCM,0.167M,01:01.5,NIS_TfOH,0 ℃,STol,b,OBn,equatorial,OBn,OBn,equatorial,OBn,2656,OMe,a,OBn,OBn,OBn,OH,6_OH,primary,7.16,80,80,,6,,OH,Gly-data y2.csv
DCM,0.167M,01:01.5,NIS_TfOH,0 ℃,STol,b,OBn,equatorial,OBn,OBn,axial,CH3,72000,OMe,a,OBn,OBn,OBn,OH,6_OH,primary,7.16,68,68,,6,,OH,Gly-data y2.csv
DCM,0.167M,01:01.5,NIS_TfOH,0 ℃,STol,a,H,equatorial,OBn,OBn,equatorial,OBn,1000000,OMe,a,OBn,OBn,OBn,OH,6_OH,primary,7.16,60,60,,6,,OH,Gly-data y2.csv
DCM,0.167M,01:01.5,NIS_TfOH,0 ℃,STol,b,N3,equatorial,OBn,OBn,equatorial,OBn,270,OMe,a,OBn,OBn,OH,OBn,4_OH,secondary,1,74,74,,4,,OBn,Gly-data y2.csv
DCM,0.167M,01:01.5,NIS_TfOH,0 ℃,STol,b,OBn,equatorial,OBn,OBn,equatorial,OBn,2656,OMe,a,OBn,OBn,OH,OBn,4_OH,secondary,1,84,84,,4,,OBn,Gly-data y2.csv
DCM,0.167M,01:01.5,NIS_TfOH,0 ℃,STol,b,OBn,equatorial,OBn,OBn,axial,CH3,72000,OMe,a,OBn,OBn,OH,OBn,4_OH,secondary,1,83,83,,4,,OBn,Gly-data y2.csv
DCM,0.167M,01:01.5,NIS_TfOH,25 ℃,STol,a,H,equatorial,OBn,OBn,equatorial,OBn,1000000,OMe,a,OBn,OBn,OH,OBn,4_OH,secondary,1,84,84,,4,,OBn,Gly-data y2.csv
DCM,0.167M,01:01.5,NIS_TfOH,25 ℃,STol,b,N3,equatorial,OBn,OBn,equatorial,OBn,270,OMe,a,OBn,OBn,OBn,OH,6_OH,primary,7.16,49,49,,6,,OH,Gly-data y2.csv
DCM,0.167M,01:01.5,NIS_TfOH,25 ℃,STol,b,OBn,equatorial,OBn,OBn,equatorial,OBn,2656,OMe,a,OBn,OBn,OBn,OH,6_OH,primary,7.16,51,51,,6,,OH,Gly-data y2.csv
DCM,0.167M,01:01.5,NIS_TfOH,25 ℃,STol,b,OBn,equatorial,OBn,OBn,axial,CH3,72000,OMe,a,OBn,OBn,OBn,OH,6_OH,primary,7.16,68,68,,6,,OH,Gly-data y2.csv
DCM,0.167M,01:01.5,NIS_TfOH,25 ℃,STol,a,H,equatorial,OBn,OBn,equatorial,OBn,1000000,OMe,a,OBn,OBn,OBn,OH,6_OH,primary,7.16,60,60,,6,,OH,Gly-data y2.csv
DCM,0.167M,01:01.5,NIS_TfOH,25 ℃,STol,b,N3,equatorial,OBn,OBn,equatorial,OBn,270,OMe,a,OBn,OBn,OH,OBn,4_OH,secondary,1,50,50,,4,,OBn,Gly-data y2.csv
DCM,0.167M,01:01.5,NIS_TfOH,25 ℃,STol,b,OBn,equatorial,OBn,OBn,equatorial,OBn,2656,OMe,a,OBn,OBn,OH,OBn,4_OH,secondary,1,58,58,,4,,OBn,Gly-data y2.csv
DCM,0.167M,01:01.5,NIS_TfOH,25 ℃,STol,b,OBn,equatorial,OBn,OBn,axial,CH3,72000,OMe,a,OBn,OBn,OH,OBn,4_OH,secondary,1,48,48,,4,,OBn,Gly-data y2.csv
STol,b,H,equatorial,OBn,4_6_OCHPh,equatorial,4_6_OCHPh,4000,OMe,a,OBn,OBn,OBn,OH,6_OH,primary,7.16,-40,DCM,0.167M,01:01.5,NIS_TfOH,0.42,0.42,-40,0.167,1.5,DCM,glyML_data_OutofSample.csv
STol,b,H,equatorial,OBn,4_6_OCHPh,equatorial,4_6_OCHPh,4000,OMe,a,OBn,OBn,OH,OBn,4_OH,secondary,3.51,-40,DCM,0.167M,01:01.5,NIS_TfOH,0.67,0.67,-40,0.167,1.5,DCM,glyML_data_OutofSample.csv
STol,b,H,equatorial,OBn,4_6_OCHPh,equatorial,4_6_OCHPh,4000,OMe,a,OBn,OH,4_6_OCHPh,4_6_OCHPh,3_OH,secondary,1.88,-40,DCM,0.167M,01:01.5,NIS_TfOH,0.58,0.58,-40,0.167,1.5,DCM,glyML_data_OutofSample.csv
STol,b,H,equatorial,OBn,4_6_OCHPh,equatorial,4_6_OCHPh,4000,-,-,-,-,-,-,1_OH,phenyl,1.32,-40,DCM,0.167M,01:01.5,TolSCl_AgOTf,0.95,0.95,-40,0.167,1.5,DCM,glyML_data_OutofSample.csv
STol,b,H,equatorial,OBn,4_6_OCHPh,equatorial,4_6_OCHPh,4000,-,-,-,-,-,-,1_OH,phenyl,1.32,-40,DCM,0.167M,01:01.5,NIS_TfOH,1,1,-40,0.167,1.5,DCM,glyML_data_OutofSample.csv
STol,a,OBn,axial,OBn,OBn,equatorial,OBn,5000,-,-,-,-,-,-,1_OH,primary,100,-40,DCM,0.167M,01:01.5,TolSCl_AgOTf,0.6,0.6,-40,0.167,1.5,DCM,glyML_data_OutofSample.csv
STol,a,OBn,axial,OBn,OBn,equatorial,OBn,5000,-,-,-,-,-,-,1_OH,primary,100,-40,DCM,0.167M,01:01.5,NIS_TfOH,0.45,0.45,-40,0.167,1.5,DCM,glyML_data_OutofSample.csv
STol,a,OBn,axial,OBn,OBn,equatorial,OBn,5000,OMe,a,OBn,OBn,OBn,OH,6_OH,primary,7.16,-40,DCM,0.167M,01:01.5,TolSCl_AgOTf,0.4,0.4,-40,0.167,1.5,DCM,glyML_data_OutofSample.csv
STol,a,OBn,axial,OBn,OBn,equatorial,OBn,5000,OMe,a,OBn,OBn,OBn,OH,6_OH,primary,7.16,-40,DCM,0.167M,01:01.5,NIS_TfOH,0.36,0.36,-40,0.167,1.5,DCM,glyML_data_OutofSample.csv
imidate,a,OBn,axial,OBn,OBn,equatorial,OBn,5000,OMe,a,OBn,OBn,OBn,OH,6_OH,primary,7.16,-40,DCM,0.167M,01:01.5,TMSOTf,0.33,0.33,-40,0.167,1.5,DCM,glyML_data_OutofSample.csv
STol,a,OBn,axial,OBn,OBn,equatorial,OBn,5000,STol,a,N3,OBn,OBn,OH,6_OH,primary,4.15,-40,DCM,0.167M,01:01.5,NIS_TfOH,0.75,0.75,-40,0.167,1.5,DCM,glyML_data_OutofSample.csv
STol,a,OBn,axial,OBn,OBn,equatorial,OBn,5000,OMe,a,OBn,OBn,OH,OBn,4_OH,secondary,3.51,-40,DCM,0.167M,01:01.5,NIS_TfOH,1,1,-40,0.167,1.5,DCM,glyML_data_OutofSample.csv
STol,a,OBn,axial,OBn,OBn,equatorial,OBn,5000,STol,a,N3,OBn,OH,OBn,4_OH,secondary,2.6,-40,DCM,0.167M,01:01.5,NIS_TfOH,0.91,0.91,-40,0.167,1.5,DCM,glyML_data_OutofSample.csv
STol,a,OBn,axial,OBn,OBn,equatorial,OBn,5000,OMe,a,OBn,OH,4_6_OCHPh,4_6_OCHPh,3_OH,secondary,1.88,-40,DCM,0.167M,01:01.5,NIS_TfOH,1,1,-40,0.167,1.5,DCM,glyML_data_OutofSample.csv
STol,a,OBn,axial,OBn,OBn,equatorial,OBn,5000,STol,a,N3,OH,4_6_OCHPh,4_6_OCHPh,3_OH,secondary,1.7,-40,DCM,0.167M,01:01.5,NIS_TfOH,1,1,-40,0.167,1.5,DCM,glyML_data_OutofSample.csv
STol,b,OBn,equatorial,OBn,4_6_OCHPh,axial,4_6_OCHPh,7180,-,-,-,-,-,-,1_OH,primary,100,-40,DCM,0.167M,01:01.5,NIS_TfOH,0.2,0.2,-40,0.167,1.5,DCM,glyML_data_OutofSample.csv
STol,b,OBn,equatorial,OBn,4_6_OCHPh,axial,4_6_OCHPh,7180,-,-,-,-,-,-,1_OH,primary,17,-40,DCM,0.167M,01:01.5,TolSCl_AgOTf,0.38,0.38,-40,0.167,1.5,DCM,glyML_data_OutofSample.csv
STol,b,OBn,equatorial,OBn,OBn,equatorial,OBn,2656,-,-,-,-,-,-,1_OH,Secondary,1.36,-20 ℃,DCM,0.167M,01:01.5,NIS_TfOH,62,62,-20,0.167,1.5,DCM,Gly-data y1.csv
STol,b,OBn,equatorial,OBn,OBn,axial,CH3,72000,-,-,-,-,-,-,1_OH,Secondary,1.36,-20 ℃,DCM,0.167M,01:01.5,NIS_TfOH,100,100,-20,0.167,1.5,DCM,Gly-data y1.csv
STol,a,H,equatorial,OBn,OBn,equatorial,OBn,1000000,-,-,-,-,-,-,1_OH,Secondary,1.36,-20 ℃,DCM,0.167M,01:01.5,NIS_TfOH,100,100,-20,0.167,1.5,DCM,Gly-data y1.csv
STol,b,N3,equatorial,OBn,OBn,equatorial,OBn,270,-,-,-,-,-,-,1_OH,primary,100,0 ℃,DCM,0.167M,01:01.5,NIS_TfOH,0,0,0,0.167,1.5,DCM,Gly-data y1.csv
STol,b,OBn,equatorial,OBn,OBn,equatorial,OBn,2656,-,-,-,-,-,-,1_OH,primary,100,0 ℃,DCM,0.167M,01:01.5,NIS_TfOH,40,40,0,0.167,1.5,DCM,Gly-data y1.csv
STol,b,OBn,equatorial,OBn,OBn,axial,OBn,17000,-,-,-,-,-,-,1_OH,tertiary,80,0 ℃,DCM,0.167M,01:01.5,NIS_TfOH,50,50,0,0.167,1.5,DCM,Gly-data y1.csv
STol,b,OBn,equatorial,OBn,OBn,axial,CH3,72000,-,-,-,-,-,-,1_OH,primary,100,0 ℃,DCM,0.167M,01:01.5,NIS_TfOH,50,50,0,0.167,1.5,DCM,Gly-data y1.csv
STol,a,H,equatorial,OBn,OBn,equatorial,OBn,1000000,-,-,-,-,-,-,1_OH,primary,100,0 ℃,DCM,0.167M,01:01.5,NIS_TfOH,38,38,0,0.167,1.5,DCM,Gly-data y1.csv
STol,b,N3,equatorial,OBn,OBn,equatorial,OBn,270,-,-,-,-,-,-,1_OH,Secondary,1.36,0 ℃,DCM,0.167M,01:01.5,NIS_TfOH,43,43,0,0.167,1.5,DCM,Gly-data y1.csv
STol,b,OBn,equatorial,OBn,OBn,equatorial,OBn,2656,-,-,-,-,-,-,1_OH,Secondary,1.36,0 ℃,DCM,0.167M,01:01.5,NIS_TfOH,0,0,0,0.167,1.5,DCM,Gly-data y1.csv
STol,b,OBn,equatorial,OBn,OBn,axial,CH3,72000,-,-,-,-,-,-,1_OH,Secondary,1.36,0 ℃,DCM,0.167M,01:01.5,NIS_TfOH,100,100,0,0.167,1.5,DCM,Gly-data y1.csv
STol,a,H,equatorial,OBn,OBn,equatorial,OBn,1000000,-,-,-,-,-,-,1_OH,Secondary,1.36,0 ℃,DCM,0.167M,01:01.5,NIS_TfOH,100,100,0,0.167,1.5,DCM,Gly-data y1.csv
STol,b,N3,equatorial,OBn,OBn,equatorial,OBn,270,-,-,-,-,-,-,1_OH,primary,100,25 ℃,DCM,0.167M,01:01.5,NIS_TfOH,0,0,25,0.167,1.5,DCM,Gly-data y1.csv
STol,b,OBn,equatorial,OBn,OBn,equatorial,OBn,2656,-,-,-,-,-,-,1_OH,primary,100,25 ℃,DCM,0.167M,01:01.5,NIS_TfOH,32,32,25,0.167,1.5,DCM,Gly-data y1.csv
STol,b,OBn,equatorial,OBn,OBn,axial,OBn,17000,-,-,-,-,-,-,1_OH,tertiary,80,25 ℃,DCM,0.167M,01:01.5,NIS_TfOH,35,35,25,0.167,1.5,DCM,Gly-data y1.csv
STol,b,OBn,equatorial,OBn,OBn,axial,CH3,72000,-,-,-,-,-,-,1_OH,primary,100,25 ℃,DCM,0.167M,01:01.5,NIS_TfOH,100,100,25,0.167,1.5,DCM,Gly-data y1.csv
STol,a,H,equatorial,OBn,OBn,equatorial,OBn,1000000,-,-,-,-,-,-,1_OH,primary,100,25 ℃,DCM,0.167M,01:01.5,NIS_TfOH,31,31,25,0.167,1.5,DCM,Gly-data y1.csv
STol,b,N3,equatorial,OBn,OBn,equatorial,OBn,270,-,-,-,-,-,-,1_OH,Secondary,1.36,25 ℃,DCM,0.167M,01:01.5,NIS_TfOH,0,0,25,0.167,1.5,DCM,Gly-data y1.csv
STol,b,OBn,equatorial,OBn,OBn,equatorial,OBn,2656,-,-,-,-,-,-,1_OH,Secondary,1.36,25 ℃,DCM,0.167M,01:01.5,NIS_TfOH,0,0,25,0.167,1.5,DCM,Gly-data y1.csv
STol,b,OBn,equatorial,OBn,OBn,axial,CH3,72000,-,-,-,-,-,-,1_OH,Secondary,1.36,25 ℃,DCM,0.167M,01:01.5,NIS_TfOH,100,100,25,0.167,1.5,DCM,Gly-data y1.csv
STol,a,H,equatorial,OBn,OBn,equatorial,OBn,1000000,-,-,-,-,-,-,1_OH,Secondary,1.36,25 ℃,DCM,0.167M,01:01.5,NIS_TfOH,100,100,25,0.167,1.5,DCM,Gly-data y1.csv
STol,b,N3,equatorial,OBn,OBn,equatorial,OBn,270,-,-,-,-,-,-,1_OH,primary,100,-40 ℃,THF,0.167M,01:01.5,NIS_TfOH,0,0,-40,0.167,1.5,THF,Gly-data y1.csv
STol,b,OBn,equatorial,OBn,OBn,equatorial,OBn,2656,-,-,-,-,-,-,1_OH,primary,100,-40 ℃,THF,0.167M,01:01.5,NIS_TfOH,23,23,-40,0.167,1.5,THF,Gly-data y1.csv
STol,b,OBn,equatorial,OBn,OBn,axial,OBn,17000,-,-,-,-,-,-,1_OH,tertiary,80,-40 ℃,THF,0.167M,01:01.5,NIS_TfOH,45,45,-40,0.167,1.5,THF,Gly-data y1.csv
STol,b,OBn,equatorial,OBn,OBn,axial,CH3,72000,-,-,-,-,-,-,1_OH,primary,100,-40 ℃,THF,0.167M,01:01.5,NIS_TfOH,45,45,-40,0.167,1.5,THF,Gly-data y1.csv
STol,a,H,equatorial,OBn,OBn,equatorial,OBn,1000000,-,-,-,-,-,-,1_OH,primary,100,-40 ℃,THF,0.167M,01:01.5,NIS_TfOH,47,47,-40,0.167,1.5,THF,Gly-data y1.csv
STol,b,N3,equatorial,OBn,OBn,equatorial,OBn,270,-,-,-,-,-,-,1_OH,Secondary,1.36,-40 ℃,THF,0.167M,01:01.5,NIS_TfOH,78,78,-40,0.167,1.5,THF,Gly-data y1.csv
STol,b,OBn,equatorial,OBn,OBn,axial,CH3,72000,-,-,-,-,-,-,1_OH,Secondary,1.36,-40 ℃,THF,0.167M,01:01.5,NIS_TfOH,100,100,-40,0.167,1.5,THF,Gly-data y1.csv
STol,a,H,equatorial,OBn,OBn,equatorial,OBn,1000000,-,-,-,-,-,-,1_OH,Secondary,1.36,-40 ℃,THF,0.167M,01:01.5,NIS_TfOH,100,100,-40,0.167,1.5,THF,Gly-data y1.csv
STol,b,N3,equatorial,OBn,OBn,equatorial,OBn,270,-,-,-,-,-,-,1_OH,primary,100,-40 ℃,Toluene,0.167M,01:01.5,NIS_TfOH,0,0,-40,0.167,1.5,Toluene,Gly-data y1.csv
STol,b,OBn,equatorial,OBn,OBn,equatorial,OBn,2656,-,-,-,-,-,-,1_OH,primary,100,-40 ℃,Toluene,0.167M,01:01.5,NIS_TfOH,47,47,-40,0.167,1.5,Toluene,Gly-data y1.csv
STol,b,OBn,equatorial,OBn,OBn,axial,OBn,17000,-,-,-,-,-,-,1_OH,tertiary,80,-40 ℃,Toluene,0.167M,01:01.5,NIS_TfOH,38,38,-40,0.167,1.5,Toluene,Gly-data y1.csv
STol,b,OBn,equatorial,OBn,OBn,axial,CH3,72000,-,-,-,-,-,-,1_OH,primary,100,-40 ℃,Toluene,0.167M,01:01.5,NIS_TfOH,20,20,-40,0.167,1.5,Toluene,Gly-data y1.csv
STol,a,H,equatorial,OBn,OBn,equatorial,OBn,1000000,-,-,-,-,-,-,1_OH,primary,100,-40 ℃,Toluene,0.167M,01:01.5,NIS_TfOH,41,41,-40,0.167,1.5,Toluene,Gly-data y1.csv
STol,b,N3,equatorial,OBn,OBn,equatorial,OBn,270,-,-,-,-,-,-,1_OH,Secondary,1.36,-40 ℃,Toluene,0.167M,01:01.5,NIS_TfOH,85,85,-40,0.167,1.5,Toluene,Gly-data y1.csv
STol,b,OBn,equatorial,OBn,OBn,equatorial,OBn,2656,-,-,-,-,-,-,1_OH,Secondary,1.36,-40 ℃,Toluene,0.167M,01:01.5,NIS_TfOH,70,70,-40,0.167,1.5,Toluene,Gly-data y1.csv
STol,b,OBn,equatorial,OBn,OBn,axial,CH3,72000,-,-,-,-,-,-,1_OH,Secondary,1.36,-40 ℃,Toluene,0.167M,01:01.5,NIS_TfOH,100,100,-40,0.167,1.5,Toluene,Gly-data y1.csv
STol,a,H,equatorial,OBn,OBn,equatorial,OBn,1000000,-,-,-,-,-,-,1_OH,Secondary,1.36,-40 ℃,Toluene,0.167M,01:01.5,NIS_TfOH,100,100,-40,0.167,1.5,Toluene,Gly-data y1.csv
STol,b,N3,equatorial,OBn,OBn,equatorial,OBn,270,-,-,-,-,-,-,1_OH,primary,100,-40 ℃,DCM/ACN,0.167M,01:01.5,NIS_TfOH,0,0,-40,0.167,1.5,DCM/ACN,Gly-data y1.csv
STol,b,OBn,equatorial,OBn,OBn,equatorial,OBn,2656,-,-,-,-,-,-,1_OH,primary,100,-40 ℃,DCM/ACN,0.167M,01:01.5,NIS_TfOH,18,18,-40,0.167,1.5,DCM/ACN,Gly-data y1.csv
STol,b,OBn,equatorial,OBn,OBn,axial,OBn,17000,-,-,-,-,-,-,1_OH,tertiary,80,-40 ℃,DCM/ACN,0.167M,01:01.5,NIS_TfOH,40,40,-40,0.167,1.5,DCM/ACN,Gly-data y1.csv
STol,b,OBn,equatorial,OBn,OBn,axial,CH3,72000,-,-,-,-,-,-,1_OH,primary,100,-40 ℃,DCM/ACN,0.167M,01:01.5,NIS_TfOH,26,26,-40,0.167,1.5,DCM/ACN,Gly-data y1.csv
STol,a,H,equatorial,OBn,OBn,equatorial,OBn,1000000,-,-,-,-,-,-,1_OH,primary,100,-40 ℃,DCM/ACN,0.167M,01:01.5,NIS_TfOH,40,40,-40,0.167,1.5,DCM/ACN,Gly-data y1.csv
STol,b,N3,equatorial,OBn,OBn,equatorial,OBn,270,-,-,-,-,-,-,1_OH,Secondary,1.36,-40 ℃,DCM/ACN,0.167M,01:01.5,NIS_TfOH,62,62,-40,0.167,1.5,DCM/ACN,Gly-data y1.csv
STol,b,OBn,equatorial,OBn,OBn,equatorial,OBn,2656,-,-,-,-,-,-,1_OH,Secondary,1.36,-40 ℃,DCM/ACN,0.167M,01:01.5,NIS_TfOH,69,69,-40,0.167,1.5,DCM/ACN,Gly-data y1.csv
STol,b,OBn,equatorial,OBn,OBn,axial,CH3,72000,-,-,-,-,-,-,1_OH,Secondary,1.36,-40 ℃,DCM/ACN,0.167M,01:01.5,NIS_TfOH,100,100,-40,0.167,1.5,DCM/ACN,Gly-data y1.csv
STol,a,H,equatorial,OBn,OBn,equatorial,OBn,1000000,-,-,-,-,-,-,1_OH,Secondary,1.36,-40 ℃,DCM/ACN,0.167M,01:01.5,NIS_TfOH,100,100,-40,0.167,1.5,DCM/ACN,Gly-data y1.csv
STol,b,OBn,equatorial,OBn,OBn,axial,CH3,72000,-,-,-,-,-,-,1_OH,primary,100,-40 ℃,DCM/DMF,0.167M,01:01.5,NIS_TfOH,76,76,-40,0.167,1.5,DCM/DMF,Gly-data y1.csv
STol,a,H,equatorial,OBn,OBn,equatorial,OBn,1000000,-,-,-,-,-,-,1_OH,primary,100,-40 ℃,DCM/DMF,0.167M,01:01.5,NIS_TfOH,73,73,-40,0.167,1.5,DCM/DMF,Gly-data y1.csv
STol,b,OBn,equatorial,OBn,OBn,equatorial,OBn,2656,-,-,-,-,-,-,1_OH,primary,100,-40 ℃,DCM/p-Dioxane,0.167M,01:01.5,NIS_TfOH,33,33,-40,0.167,1.5,DCM/p-Dioxane,Gly-data y1.csv
STol,b,OBn,equatorial,OBn,OBn,axial,OBn,17000,-,-,-,-,-,-,1_OH,tertiary,80,-40 ℃,DCM/p-Dioxane,0.167M,01:01.5,NIS_TfOH,45,45,-40,0.167,1.5,DCM/p-Dioxane,Gly-data y1.csv
STol,b,OBn,equatorial,OBn,OBn,axial,CH3,72000,-,-,-,-,-,-,1_OH,primary,100,-40 ℃,DCM/p-Dioxane,0.167M,01:01.5,NIS_TfOH,38,38,-40,0.167,1.5,DCM/p-Dioxane,Gly-data y1.csv
STol,a,H,equatorial,OBn,OBn,equatorial,OBn,1000000,-,-,-,-,-,-,1_OH,primary,100,-40 ℃,DCM/p-Dioxane,0.167M,01:01.5,NIS_TfOH,45,45,-40,0.167,1.5,DCM/p-Dioxane,Gly-data y1.csv
STol,b,N3,equatorial,OBn,OBn,equatorial,OBn,270,-,-,-,-,-,-,1_OH,Secondary,1.36,-40 ℃,DCM/p-Dioxane,0.167M,01:01.5,NIS_TfOH,78,78,-40,0.167,1.5,DCM/p-Dioxane,Gly-data y1.csv
STol,b,OBn,equatorial,OBn,OBn,equatorial,OBn,2656,-,-,-,-,-,-,1_OH,Secondary,1.36,-40 ℃,DCM/p-Dioxane,0.167M,01:01.5,NIS_TfOH,47,47,-40,0.167,1.5,DCM/p-Dioxane,Gly-data y1.csv
STol,b,OBn,equatorial,OBn,OBn,axial,CH3,72000,-,-,-,-,-,-,1_OH,Secondary,1.36,-40 ℃,DCM/p-Dioxane,0.167M,01:01.5,NIS_TfOH,100,100,-40,0.167,1.5,DCM/p-Dioxane,Gly-data y1.csv
STol,b,N3,equatorial,OBn,OBn,equatorial,OBn,270,-,-,-,-,-,-,1_OH,primary,100,-40 ℃,DCM,0.308M,01:01.5,NIS_TfOH,0,0,-40,0.308,1.5,DCM,Gly-data y1.csv
STol,b,OBn,equatorial,OBn,OBn,equatorial,OBn,2656,-,-,-,-,-,-,1_OH,primary,100,-40 ℃,DCM,0.308M,01:01.5,NIS_TfOH,11,11,-40,0.308,1.5,DCM,Gly-data y1.csv
STol,b,OBn,equatorial,OBn,OBn,axial,OBn,17000,-,-,-,-,-,-,1_OH,tertiary,80,-40 ℃,DCM,0.308M,01:01.5,NIS_TfOH,24,24,-40,0.308,1.5,DCM,Gly-data y1.csv
STol,b,OBn,equatorial,OBn,OBn,axial,CH3,72000,-,-,-,-,-,-,1_OH,primary,100,-40 ℃,DCM,0.308M,01:01.5,NIS_TfOH,0,0,-40,0.308,1.5,DCM,Gly-data y1.csv
STol,b,N3,equatorial,OBn,OBn,equatorial,OBn,270,-,-,-,-,-,-,1_OH,Secondary,1.36,-40 ℃,DCM,0.308M,01:01.5,NIS_TfOH,59,59,-40,0.308,1.5,DCM,Gly-data y1.csv
STol,b,OBn,equatorial,OBn,OBn,equatorial,OBn,2656,-,-,-,-,-,-,1_OH,Secondary,1.36,-40 ℃,DCM,0.308M,01:01.5,NIS_TfOH,71,71,-40,0.308,1.5,DCM,Gly-data y1.csv
STol,b,OBn,equatorial,OBn,OBn,axial,CH3,72000,-,-,-,-,-,-,1_OH,Secondary,1.36,-40 ℃,DCM,0.308M,01:01.5,NIS_TfOH,100,100,-40,0.308,1.5,DCM,Gly-data y1.csv
STol,a,H,equatorial,OBn,OBn,equatorial,OBn,1000000,-,-,-,-,-,-,1_OH,Secondary,1.36,-40 ℃,DCM,0.308M,01:01.5,NIS_TfOH,100,100,-40,0.308,1.5,DCM,Gly-data y1.csv
STol,b,N3,equatorial,OBn,OBn,equatorial,OBn,270,-,-,-,-,-,-,1_OH,primary,100,-40 ℃,DCM,0.051M,01:01.5,NIS_TfOH,0,0,-40,0.051,1.5,DCM,Gly-data y1.csv
STol,b,OBn,equatorial,OBn,OBn,equatorial,OBn,2656,-,-,-,-,-,-,1_OH,primary,100,-40 ℃,DCM,0.051M,01:01.5,NIS_TfOH,27,27,-40,0.051,1.5,DCM,Gly-data y1.csv
STol,b,OBn,equatorial,OBn,OBn,axial,OBn,17000,-,-,-,-,-,-,1_OH,tertiary,80,-40 ℃,DCM,0.051M,01:01.5,NIS_TfOH,27,27,-40,0.051,1.5,DCM,Gly-data y1.csv
STol,b,OBn,equatorial,OBn,OBn,axial,CH3,72000,-,-,-,-,-,-,1_OH,primary,100,-40 ℃,DCM,0.051M,01:01.5,NIS_TfOH,66,66,-40,0.051,1.5,DCM,Gly-data y1.csv
STol,a,H,equatorial,OBn,OBn,equatorial,OBn,1000000,-,-,-,-,-,-,1_OH,primary,100,-40 ℃,DCM,0.051M,01:01.5,NIS_TfOH,18,18,-40,0.051,1.5,DCM,Gly-data y1.csv
STol,b,N3,equatorial,OBn,OBn,equatorial,OBn,270,-,-,-,-,-,-,1_OH,Secondary,1.36,-40 ℃,DCM,0.051M,01:01.5,NIS_TfOH,55,55,-40,0.051,1.5,DCM,Gly-data y1.csv
STol,b,OBn,equatorial,OBn,OBn,equatorial,OBn,2656,-,-,-,-,-,-,1_OH,Secondary,1.36,-40 ℃,DCM,0.051M,01:01.5,NIS_TfOH,71,71,-40,0.051,1.5,DCM,Gly-data y1.csv
STol,b,OBn,equatorial,OBn,OBn,axial,CH3,72000,-,-,-,-,-,-,1_OH,Secondary,1.36,-40 ℃,DCM,0.051M,01:01.5,NIS_TfOH,100,100,-40,0.051,1.5,DCM,Gly-data y1.csv
STol,a,H,equatorial,OBn,OBn,equatorial,OBn,1000000,-,-,-,-,-,-,1_OH,Secondary,1.36,-40 ℃,DCM,0.051M,01:01.5,NIS_TfOH,100,100,-40,0.051,1.5,DCM,Gly-data y1.csv
STol,b,N3,equatorial,OBn,OBn,equatorial,OBn,270,-,-,-,-,-,-,1_OH,primary,100,-40 ℃,DCM,0.036M,01:01.5,NIS_TfOH,0,0,-40,0.036,1.5,DCM,Gly-data y1.csv
STol,b,OBn,equatorial,OBn,OBn,equatorial,OBn,2656,-,-,-,-,-,-,1_OH,primary,100,-40 ℃,DCM,0.036M,01:01.5,NIS_TfOH,13,13,-40,0.036,1.5,DCM,Gly-data y1.csv
STol,b,OBn,equatorial,OBn,OBn,axial,OBn,17000,-,-,-,-,-,-,1_OH,tertiary,80,-40 ℃,DCM,0.036M,01:01.5,NIS_TfOH,40,40,-40,0.036,1.5,DCM,Gly-data y1.csv
STol,b,OBn,equatorial,OBn,OBn,axial,CH3,72000,-,-,-,-,-,-,1_OH,primary,100,-40 ℃,DCM,0.036M,01:01.5,NIS_TfOH,83,83,-40,0.036,1.5,DCM,Gly-data y1.csv
STol,a,H,equatorial,OBn,OBn,equatorial,OBn,1000000,-,-,-,-,-,-,1_OH,primary,100,-40 ℃,DCM,0.036M,01:01.5,NIS_TfOH,20,20,-40,0.036,1.5,DCM,Gly-data y1.csv
STol,b,N3,equatorial,OBn,OBn,equatorial,OBn,270,-,-,-,-,-,-,1_OH,Secondary,1.36,-40 ℃,DCM,0.036M,01:01.5,NIS_TfOH,55,55,-40,0.036,1.5,DCM,Gly-data y1.csv
STol,b,OBn,equatorial,OBn,OBn,equatorial,OBn,2656,-,-,-,-,-,-,1_OH,Secondary,1.36,-40 ℃,DCM,0.036M,01:01.5,NIS_TfOH,71,71,-40,0.036,1.5,DCM,Gly-data y1.csv
STol,b,OBn,equatorial,OBn,OBn,axial,CH3,72000,-,-,-,-,-,-,1_OH,Secondary,1.36,-40 ℃,DCM,0.036M,01:01.5,NIS_TfOH,100,100,-40,0.036,1.5,DCM,Gly-data y1.csv
STol,a,H,equatorial,OBn,OBn,equatorial,OBn,1000000,-,-,-,-,-,-,1_OH,Secondary,1.36,-40 ℃,DCM,0.036M,01:01.5,NIS_TfOH,100,100,-40,0.036,1.5,DCM,Gly-data y1.csv
STol,b,N3,equatorial,OBn,OBn,equatorial,OBn,270,-,-,-,-,-,-,1_OH,primary,100,-40 ℃,DCM,0.018M,01:01.5,NIS_TfOH,0,0,-40,0.018,1.5,DCM,Gly-data y1.csv
STol,b,OBn,equatorial,OBn,OBn,equatorial,OBn,2656,-,-,-,-,-,-,1_OH,primary,100,-40 ℃,DCM,0.018M,01:01.5,NIS_TfOH,12,12,-40,0.018,1.5,DCM,Gly-data y1.csv
STol,b,OBn,equatorial,OBn,OBn,axial,OBn,17000,-,-,-,-,-,-,1_OH,tertiary,80,-40 ℃,DCM,0.018M,01:01.5,NIS_TfOH,27,27,-40,0.018,1.5,DCM,Gly-data y1.csv
STol,b,OBn,equatorial,OBn,OBn,axial,CH3,72000,-,-,-,-,-,-,1_OH,primary,100,-40 ℃,DCM,0.018M,01:01.5,NIS_TfOH,91,91,-40,0.018,1.5,DCM,Gly-data y1.csv
STol,a,H,equatorial,OBn,OBn,equatorial,OBn,1000000,-,-,-,-,-,-,1_OH,primary,100,-40 ℃,DCM,0.018M,01:01.5,NIS_TfOH,19,19,-40,0.018,1.5,DCM,Gly-data y1.csv
STol,b,N3,equatorial,OBn,OBn,equatorial,OBn,270,-,-,-,-,-,-,1_OH,Secondary,1.36,-40 ℃,DCM,0.018M,01:01.5,NIS_TfOH,52,52,-40,0.018,1.5,DCM,Gly-data y1.csv
STol,b,OBn,equatorial,OBn,OBn,equatorial,OBn,2656,-,-,-,-,-,-,1_OH,Secondary,1.36,-40 ℃,DCM,0.018M,01:01.5,NIS_TfOH,62,62,-40,0.018,1.5,DCM,Gly-data y1.csv
STol,b,OBn,equatorial,OBn,OBn,axial,CH3,72000,-,-,-,-,-,-,1_OH,Secondary,1.36,-40 ℃,DCM,0.018M,01:01.5,NIS_TfOH,100,100,-40,0.018,1.5,DCM,Gly-data y1.csv
STol,a,H,equatorial,OBn,OBn,equatorial,OBn,1000000,-,-,-,-,-,-,1_OH,Secondary,1.36,-40 ℃,DCM,0.018M,01:01.5,NIS_TfOH,100,100,-40,0.018,1.5,DCM,Gly-data y1.csv
STol,b,N3,equatorial,OBn,OBn,equatorial,OBn,270,-,-,-,-,-,-,1_OH,primary,100,-40 ℃,DCM,0.167M,01:00.7,NIS_TfOH,0,0,-40,0.167,0.66,DCM,Gly-data y1.csv
STol,b,OBn,equatorial,OBn,OBn,equatorial,OBn,2656,-,-,-,-,-,-,1_OH,primary,100,-40 ℃,DCM,0.167M,01:00.7,NIS_TfOH,0,0,-40,0.167,0.66,DCM,Gly-data y1.csv
STol,b,OBn,equatorial,OBn,OBn,axial,CH3,72000,-,-,-,-,-,-,1_OH,primary,100,-40 ℃,DCM,0.167M,01:00.7,NIS_TfOH,21,21,-40,0.167,0.66,DCM,Gly-data y1.csv
STol,a,H,equatorial,OBn,OBn,equatorial,OBn,1000000,-,-,-,-,-,-,1_OH,primary,100,-40 ℃,DCM,0.167M,01:00.7,NIS_TfOH,30,30,-40,0.167,0.66,DCM,Gly-data y1.csv
STol,b,N3,equatorial,OBn,OBn,equatorial,OBn,270,-,-,-,-,-,-,1_OH,Secondary,1.36,-40 ℃,DCM,0.167M,01:00.7,NIS_TfOH,100,100,-40,0.167,0.66,DCM,Gly-data y1.csv
STol,b,OBn,equatorial,OBn,OBn,equatorial,OBn,2656,-,-,-,-,-,-,1_OH,Secondary,1.36,-40 ℃,DCM,0.167M,01:00.7,NIS_TfOH,77,77,-40,0.167,0.66,DCM,Gly-data y1.csv
STol,b,OBn,equatorial,OBn,OBn,axial,CH3,72000,-,-,-,-,-,-,1_OH,Secondary,1.36,-40 ℃,DCM,0.167M,01:00.7,NIS_TfOH,100,100,-40,0.167,0.66,DCM,Gly-data y1.csv
THF,0.167M,01:01.5,NIS_TfOH,-40 ℃,STol,b,OBn,equatorial,OBn,OBn,equatorial,OBn,2656,-,-,-,-,-,-,1_OH,primary,100,92,92,,1,,-,Gly-data y2.csv
THF,0.167M,01:01.5,NIS_TfOH,-40 ℃,STol,b,OBn,equatorial,OBn,OBn,axial,OBn,17000,-,-,-,-,-,-,1_OH,tertiary,80,89,89,,1,,-,Gly-data y2.csv
THF,0.167M,01:01.5,NIS_TfOH,-40 ℃,STol,b,OBn,equatorial,OBn,OBn,axial,CH3,72000,-,-,-,-,-,-,1_OH,primary,100,41,41,,1,,-,Gly-data y2.csv
THF,0.167M,01:01.5,NIS_TfOH,-40 ℃,STol,a,H,equatorial,OBn,OBn,equatorial,OBn,1000000,-,-,-,-,-,-,1_OH,primary,100,39,39,,1,,-,Gly-data y2.csv
THF,0.167M,01:01.5,NIS_TfOH,-40 ℃,STol,b,N3,equatorial,OBn,OBn,equatorial,OBn,270,-,-,-,-,-,-,1_OH,Secondary,1.36,18,18,,1,,-,Gly-data y2.csv
THF,0.167M,01:01.5,NIS_TfOH,-40 ℃,STol,b,OBn,equatorial,OBn,OBn,axial,CH3,72000,-,-,-,-,-,-,1_OH,Secondary,1.36,68,68,,1,,-,Gly-data y2.csv
THF,0.167M,01:01.5,NIS_TfOH,-40 ℃,STol,a,H,equatorial,OBn,OBn,equatorial,OBn,1000000,-,-,-,-,-,-,1_OH,Secondary,1.36,18,18,,1,,-,Gly-data y2.csv
Toluene,0.167M,01:01.5,NIS_TfOH,-40 ℃,STol,b,N3,equatorial,OBn,OBn,equatorial,OBn,270,-,-,-,-,-,-,1_OH,primary,100,54,54,,1,,-,Gly-data y2.csv
Toluene,0.167M,01:01.5,NIS_TfOH,-40 ℃,STol,b,OBn,equatorial,OBn,OBn,equatorial,OBn,2656,-,-,-,-,-,-,1_OH,primary,100,82,82,,1,,-,Gly-data y2.csv
Toluene,0.167M,01:01.5,NIS_TfOH,-40 ℃,STol,b,OBn,equatorial,OBn,OBn,axial,OBn,17000,-,-,-,-,-,-,1_OH,tertiary,80,90,90,,1,,-,Gly-data y2.csv
Toluene,0.167M,01:01.5,NIS_TfOH,-40 ℃,STol,b,OBn,equatorial,OBn,OBn,axial,CH3,72000,-,-,-,-,-,-,1_OH,primary,100,75,75,,1,,-,Gly-data y2.csv
Toluene,0.167M,01:01.5,NIS_TfOH,-40 ℃,STol,a,H,equatorial,OBn,OBn,equatorial,OBn,1000000,-,-,-,-,-,-,1_OH,primary,100,21,21,,1,,-,Gly-data y2.csv
Toluene,0.167M,01:01.5,NIS_TfOH,-40 ℃,STol,b,N3,equatorial,OBn,OBn,equatorial,OBn,270,-,-,-,-,-,-,1_OH,Secondary,1.36,36,36,,1,,-,Gly-data y2.csv
Toluene,0.167M,01:01.5,NIS_TfOH,-40 ℃,STol,b,OBn,equatorial,OBn,OBn,equatorial,OBn,2656,-,-,-,-,-,-,1_OH,Secondary,1.36,73,73,,1,,-,Gly-data y2.csv
Toluene,0.167M,01:01.5,NIS_TfOH,-40 ℃,STol,b,OBn,equatorial,OBn,OBn,axial,CH3,72000,-,-,-,-,-,-,1_OH,Secondary,1.36,78,78,,1,,-,Gly-data y2.csv
Toluene,0.167M,01:01.5,NIS_TfOH,-40 ℃,STol,a,H,equatorial,OBn,OBn,equatorial,OBn,1000000,-,-,-,-,-,-,1_OH,Secondary,1.36,48,48,,1,,-,Gly-data y2.csv
DCM/ACN,0.167M,01:01.5,NIS_TfOH,-40 ℃,STol,b,N3,equatorial,OBn,OBn,equatorial,OBn,270,-,-,-,-,-,-,1_OH,primary,100,58,58,,1,,-,Gly-data y2.csv
DCM/ACN,0.167M,01:01.5,NIS_TfOH,-40 ℃,STol,b,OBn,equatorial,OBn,OBn,equatorial,OBn,2656,-,-,-,-,-,-,1_OH,primary,100,85,85,,1,,-,Gly-data y2.csv
DCM/ACN,0.167M,01:01.5,NIS_TfOH,-40 ℃,STol,b,OBn,equatorial,OBn,OBn,axial,OBn,17000,-,-,-,-,-,-,1_OH,tertiary,80,93,93,,1,,-,Gly-data y2.csv